WP_002725873.1	lcl|NZ_AOVI01000120.1_cds_WP_000340715.1_2886	93.902	82	106
WP_061209188.1	lcl|NZ_AOVI01000120.1_cds_WP_000410273.1_2885	92.971	313	314
WP_061209188.1	lcl|NZ_AOVI01000120.1_cds_WP_000093099.1_2865	58.730	63	314
WP_061209188.1	lcl|NZ_AOVI01000120.1_cds_WP_000646250.1_2882	27.711	249	314
WP_061209188.1	lcl|NZ_AOVI01000133.1_cds_WP_000744700.1_3284	23.385	325	314
WP_061209188.1	lcl|NZ_AOVI01000120.1_cds_WP_000600889.1_2856	22.909	275	314
WP_061209188.1	lcl|NZ_AOVI01000064.1_cds_WP_000723090.1_1412	23.875	289	314
WP_061209188.1	lcl|NZ_AOVI01000120.1_cds_WP_001067557.1_2879	24.540	326	314
WP_061208759.1	lcl|NZ_AOVI01000098.1_cds_WP_000667646.1_2199	32.412	398	594
WP_061208759.1	lcl|NZ_AOVI01000025.1_cds_WP_017855503.1_755	39.130	230	594
WP_061208759.1	lcl|NZ_AOVI01000136.1_cds_WP_000828455.1_3359	36.863	255	594
WP_061208759.1	lcl|NZ_AOVI01000120.1_cds_WP_000834715.1_2862	37.553	237	594
WP_061208759.1	lcl|NZ_AOVI01000062.1_cds_WP_001161019.1_1356	32.407	216	594
WP_061208759.1	lcl|NZ_AOVI01000010.1_cds_WP_000510777.1_96	26.941	219	594
WP_061208759.1	lcl|NZ_AOVI01000097.1_cds_WP_001052498.1_2128	25.820	244	594
WP_061208759.1	lcl|NZ_AOVI01000025.1_cds_WP_000942282.1_769	28.509	228	594
WP_061208759.1	lcl|NZ_AOVI01000081.1_cds_LEP2GSC146_RS01000000122435_1865	29.098	244	594
WP_061208759.1	lcl|NZ_AOVI01000021.1_cds_WP_000666552.1_611	28.099	242	594
WP_061208759.1	lcl|NZ_AOVI01000051.1_cds_WP_000603361.1_1159	29.130	230	594
WP_061208759.1	lcl|NZ_AOVI01000111.1_cds_WP_001141158.1_2515	30.942	223	594
WP_061208759.1	lcl|NZ_AOVI01000020.1_cds_WP_000047473.1_357	28.571	210	594
WP_061208759.1	lcl|NZ_AOVI01000021.1_cds_WP_001089500.1_631	29.911	224	594
WP_061208759.1	lcl|NZ_AOVI01000021.1_cds_WP_000433117.1_663	32.927	164	594
WP_061208759.1	lcl|NZ_AOVI01000081.1_cds_WP_000218838.1_1866	28.112	249	594
WP_061208759.1	lcl|NZ_AOVI01000076.1_cds_WP_017855552.1_1723	25.943	212	594
WP_061208759.1	lcl|NZ_AOVI01000076.1_cds_WP_017855552.1_1723	24.841	157	594
WP_061208759.1	lcl|NZ_AOVI01000112.1_cds_WP_000052667.1_2611	25.439	228	594
WP_061208759.1	lcl|NZ_AOVI01000074.1_cds_WP_000184524.1_1679	26.728	217	594
WP_061208759.1	lcl|NZ_AOVI01000072.1_cds_WP_001288326.1_1586	27.778	216	594
WP_061208759.1	lcl|NZ_AOVI01000018.1_cds_WP_001049205.1_283	28.500	200	594
WP_061208759.1	lcl|NZ_AOVI01000018.1_cds_WP_001049205.1_283	26.957	230	594
WP_061208759.1	lcl|NZ_AOVI01000079.1_cds_WP_000675807.1_1792	25.506	247	594
WP_061208759.1	lcl|NZ_AOVI01000051.1_cds_WP_000054169.1_1175	23.445	209	594
WP_061208759.1	lcl|NZ_AOVI01000075.1_cds_WP_000626143.1_1701	28.000	200	594
WP_061208759.1	lcl|NZ_AOVI01000075.1_cds_WP_000626143.1_1701	21.505	186	594
WP_061208759.1	lcl|NZ_AOVI01000095.1_cds_WP_000481720.1_2095	24.229	227	594
WP_061208759.1	lcl|NZ_AOVI01000095.1_cds_WP_000481720.1_2095	22.500	240	594
WP_061208759.1	lcl|NZ_AOVI01000099.1_cds_WP_000136057.1_2248	27.027	222	594
WP_061208759.1	lcl|NZ_AOVI01000098.1_cds_WP_000667646.1_2199	32.412	398	594
WP_061208759.1	lcl|NZ_AOVI01000025.1_cds_WP_017855503.1_755	39.130	230	594
WP_061208759.1	lcl|NZ_AOVI01000136.1_cds_WP_000828455.1_3359	36.863	255	594
WP_061208759.1	lcl|NZ_AOVI01000120.1_cds_WP_000834715.1_2862	37.553	237	594
WP_061208759.1	lcl|NZ_AOVI01000062.1_cds_WP_001161019.1_1356	32.407	216	594
WP_061208759.1	lcl|NZ_AOVI01000010.1_cds_WP_000510777.1_96	26.941	219	594
WP_061208759.1	lcl|NZ_AOVI01000097.1_cds_WP_001052498.1_2128	25.820	244	594
WP_061208759.1	lcl|NZ_AOVI01000025.1_cds_WP_000942282.1_769	28.509	228	594
WP_061208759.1	lcl|NZ_AOVI01000081.1_cds_LEP2GSC146_RS01000000122435_1865	29.098	244	594
WP_061208759.1	lcl|NZ_AOVI01000021.1_cds_WP_000666552.1_611	28.099	242	594
WP_061208759.1	lcl|NZ_AOVI01000051.1_cds_WP_000603361.1_1159	29.130	230	594
WP_061208759.1	lcl|NZ_AOVI01000111.1_cds_WP_001141158.1_2515	30.942	223	594
WP_061208759.1	lcl|NZ_AOVI01000020.1_cds_WP_000047473.1_357	28.571	210	594
WP_061208759.1	lcl|NZ_AOVI01000021.1_cds_WP_001089500.1_631	29.911	224	594
WP_061208759.1	lcl|NZ_AOVI01000021.1_cds_WP_000433117.1_663	32.927	164	594
WP_061208759.1	lcl|NZ_AOVI01000081.1_cds_WP_000218838.1_1866	28.112	249	594
WP_061208759.1	lcl|NZ_AOVI01000076.1_cds_WP_017855552.1_1723	25.943	212	594
WP_061208759.1	lcl|NZ_AOVI01000076.1_cds_WP_017855552.1_1723	24.841	157	594
WP_061208759.1	lcl|NZ_AOVI01000112.1_cds_WP_000052667.1_2611	25.439	228	594
WP_061208759.1	lcl|NZ_AOVI01000074.1_cds_WP_000184524.1_1679	26.728	217	594
WP_061208759.1	lcl|NZ_AOVI01000072.1_cds_WP_001288326.1_1586	27.778	216	594
WP_061208759.1	lcl|NZ_AOVI01000018.1_cds_WP_001049205.1_283	28.500	200	594
WP_061208759.1	lcl|NZ_AOVI01000018.1_cds_WP_001049205.1_283	26.957	230	594
WP_061208759.1	lcl|NZ_AOVI01000079.1_cds_WP_000675807.1_1792	25.506	247	594
WP_061208759.1	lcl|NZ_AOVI01000051.1_cds_WP_000054169.1_1175	23.445	209	594
WP_061208759.1	lcl|NZ_AOVI01000075.1_cds_WP_000626143.1_1701	28.000	200	594
WP_061208759.1	lcl|NZ_AOVI01000075.1_cds_WP_000626143.1_1701	21.505	186	594
WP_061208759.1	lcl|NZ_AOVI01000095.1_cds_WP_000481720.1_2095	24.229	227	594
WP_061208759.1	lcl|NZ_AOVI01000095.1_cds_WP_000481720.1_2095	22.500	240	594
WP_061208759.1	lcl|NZ_AOVI01000099.1_cds_WP_000136057.1_2248	27.027	222	594
WP_061208754.1	lcl|NZ_AOVI01000120.1_cds_WP_000646250.1_2882	31.657	338	343
WP_061208754.1	lcl|NZ_AOVI01000064.1_cds_WP_000723090.1_1412	26.857	350	343
WP_061208754.1	lcl|NZ_AOVI01000133.1_cds_WP_000744700.1_3284	25.959	339	343
WP_061208754.1	lcl|NZ_AOVI01000120.1_cds_WP_000600889.1_2856	26.239	343	343
WP_061208754.1	lcl|NZ_AOVI01000012.1_cds_WP_001984071.1_163	23.962	313	343
WP_061208754.1	lcl|NZ_AOVI01000030.1_cds_WP_000649925.1_854	23.837	344	343
WP_061208754.1	lcl|NZ_AOVI01000120.1_cds_WP_001067557.1_2879	28.017	232	343
WP_061208754.1	lcl|NZ_AOVI01000021.1_cds_WP_001074785.1_427	27.362	307	343
WP_061208754.1	lcl|NZ_AOVI01000120.1_cds_WP_000487322.1_2831	28.571	175	343
WP_061208756.1	lcl|NZ_AOVI01000120.1_cds_WP_000132016.1_2857	40.000	230	577
WP_061208756.1	lcl|NZ_AOVI01000043.1_cds_WP_001982325.1_1066	26.136	264	577
WP_061208756.1	lcl|NZ_AOVI01000120.1_cds_WP_001046757.1_2847	31.004	229	577
WP_061208756.1	lcl|NZ_AOVI01000120.1_cds_WP_000675255.1_2834	26.122	245	577
WP_061208756.1	lcl|NZ_AOVI01000083.1_cds_WP_000421034.1_1880	24.252	301	577
WP_061208756.1	lcl|NZ_AOVI01000120.1_cds_WP_000132016.1_2857	40.000	230	577
WP_061208756.1	lcl|NZ_AOVI01000043.1_cds_WP_001982325.1_1066	26.136	264	577
WP_061208756.1	lcl|NZ_AOVI01000120.1_cds_WP_001046757.1_2847	31.004	229	577
WP_061208756.1	lcl|NZ_AOVI01000120.1_cds_WP_000675255.1_2834	26.122	245	577
WP_061208756.1	lcl|NZ_AOVI01000083.1_cds_WP_000421034.1_1880	24.252	301	577
WP_061208756.1	lcl|NZ_AOVI01000120.1_cds_WP_000132016.1_2857	40.000	230	577
WP_061208756.1	lcl|NZ_AOVI01000043.1_cds_WP_001982325.1_1066	26.136	264	577
WP_061208756.1	lcl|NZ_AOVI01000120.1_cds_WP_001046757.1_2847	31.004	229	577
WP_061208756.1	lcl|NZ_AOVI01000120.1_cds_WP_000675255.1_2834	26.122	245	577
WP_061208756.1	lcl|NZ_AOVI01000083.1_cds_WP_000421034.1_1880	24.252	301	577
WP_061208757.1	lcl|NZ_AOVI01000064.1_cds_WP_000282880.1_1408	39.326	89	223
WP_061208757.1	lcl|NZ_AOVI01000058.1_cds_WP_000868621.1_1314	28.571	84	223
WP_061208758.1	lcl|NZ_AOVI01000120.1_cds_WP_000582618.1_2849	34.221	263	230
WP_061208758.1	lcl|NZ_AOVI01000120.1_cds_WP_001230564.1_2853	29.213	267	230
WP_061208758.1	lcl|NZ_AOVI01000018.1_cds_WP_001011675.1_317	32.328	232	230
WP_061208429.1	lcl|NZ_AOVI01000120.1_cds_WP_000007538.1_2826	32.673	101	306
WP_061208429.1	lcl|NZ_AOVI01000134.1_cds_WP_000394787.1_3311	27.049	122	306
WP_061208429.1	lcl|NZ_AOVI01000149.1_cds_WP_001244016.1_3683	29.508	61	306
WP_061209096.1	lcl|NZ_AOVI01000120.1_cds_WP_000977950.1_2842	24.545	330	607
WP_061209097.1	lcl|NZ_AOVI01000120.1_cds_WP_000600889.1_2856	86.322	329	332
WP_061209097.1	lcl|NZ_AOVI01000120.1_cds_WP_000646250.1_2882	30.100	299	332
WP_061209097.1	lcl|NZ_AOVI01000030.1_cds_WP_000649925.1_854	29.338	317	332
WP_061209097.1	lcl|NZ_AOVI01000064.1_cds_WP_000723090.1_1412	29.607	331	332
WP_061209097.1	lcl|NZ_AOVI01000133.1_cds_WP_000744700.1_3284	28.182	330	332
WP_061209097.1	lcl|NZ_AOVI01000104.1_cds_WP_000709511.1_2364	27.640	322	332
WP_061209097.1	lcl|NZ_AOVI01000012.1_cds_WP_001984071.1_163	25.159	314	332
WP_061209097.1	lcl|NZ_AOVI01000120.1_cds_WP_000487322.1_2831	26.420	352	332
WP_061209097.1	lcl|NZ_AOVI01000120.1_cds_WP_001067557.1_2879	25.368	272	332
WP_061209097.1	lcl|NZ_AOVI01000120.1_cds_WP_000410273.1_2885	21.505	186	332
WP_061209097.1	lcl|NZ_AOVI01000120.1_cds_WP_000601375.1_2829	20.588	204	332
WP_061209098.1	lcl|NZ_AOVI01000120.1_cds_WP_000947844.1_2855	66.406	384	393
WP_061209098.1	lcl|NZ_AOVI01000116.1_cds_WP_001281953.1_2721	32.624	282	393
WP_061209098.1	lcl|NZ_AOVI01000120.1_cds_WP_000608295.1_2877	28.060	335	393
WP_061209098.1	lcl|NZ_AOVI01000120.1_cds_WP_001198107.1_2878	25.556	360	393
WP_061209098.1	lcl|NZ_AOVI01000120.1_cds_WP_000575178.1_2809	26.908	249	393
WP_061209098.1	lcl|NZ_AOVI01000120.1_cds_WP_000582222.1_2867	31.008	258	393
WP_061209098.1	lcl|NZ_AOVI01000099.1_cds_WP_000538752.1_2224	27.341	267	393
WP_061209098.1	lcl|NZ_AOVI01000120.1_cds_WP_000346036.1_2848	24.625	333	393
WP_061209099.1	lcl|NZ_AOVI01000120.1_cds_WP_000516588.1_2854	52.239	201	203
WP_061209099.1	lcl|NZ_AOVI01000009.1_cds_WP_000644954.1_78	30.841	107	203
WP_061209099.1	lcl|NZ_AOVI01000120.1_cds_WP_000475975.1_2864	25.926	135	203
WP_061209099.1	lcl|NZ_AOVI01000043.1_cds_WP_000007746.1_1082	28.696	115	203
WP_061209099.1	lcl|NZ_AOVI01000012.1_cds_WP_000690880.1_164	23.529	119	203
WP_061209100.1	lcl|NZ_AOVI01000120.1_cds_WP_001230564.1_2853	66.369	336	334
WP_061209100.1	lcl|NZ_AOVI01000120.1_cds_WP_000582618.1_2849	37.538	333	334
WP_061209100.1	lcl|NZ_AOVI01000018.1_cds_WP_001011675.1_317	35.461	282	334
WP_061209100.1	lcl|NZ_AOVI01000120.1_cds_WP_001230564.1_2853	66.369	336	334
WP_061209100.1	lcl|NZ_AOVI01000120.1_cds_WP_000582618.1_2849	37.538	333	334
WP_061209100.1	lcl|NZ_AOVI01000018.1_cds_WP_001011675.1_317	35.461	282	334
WP_061209101.1	lcl|NZ_AOVI01000120.1_cds_WP_000823150.1_2852	60.207	387	386
WP_061209102.1	lcl|NZ_AOVI01000120.1_cds_WP_002969399.1_2851	39.763	337	348
WP_061209102.1	lcl|NZ_AOVI01000120.1_cds_WP_000859505.1_2832	34.673	199	348
WP_061209102.1	lcl|NZ_AOVI01000120.1_cds_WP_000774262.1_2881	23.830	235	348
WP_061209102.1	lcl|NZ_AOVI01000058.1_cds_WP_000805357.1_1292	23.770	244	348
WP_061209102.1	lcl|NZ_AOVI01000123.1_cds_WP_000667727.1_2981	35.632	87	348
WP_061209102.1	lcl|NZ_AOVI01000064.1_cds_WP_000842260.1_1413	32.967	91	348
WP_061209104.1	lcl|NZ_AOVI01000046.1_cds_WP_000067921.1_1122	43.952	248	256
WP_061209104.1	lcl|NZ_AOVI01000133.1_cds_WP_000635440.1_3217	26.471	204	256
WP_061209105.1	lcl|NZ_AOVI01000133.1_cds_WP_000560473.1_3218	35.909	220	215
WP_061209106.1	lcl|NZ_AOVI01000120.1_cds_WP_000132016.1_2857	44.053	227	231
WP_061209106.1	lcl|NZ_AOVI01000120.1_cds_WP_001046757.1_2847	35.526	228	231
WP_061209106.1	lcl|NZ_AOVI01000099.1_cds_WP_000721859.1_2242	30.081	123	231
WP_228008733.1	lcl|NZ_AOVI01000120.1_cds_WP_000847001.1_2850	34.748	377	402
WP_061209107.1	lcl|NZ_AOVI01000120.1_cds_WP_000132016.1_2857	37.054	224	233
WP_061209107.1	lcl|NZ_AOVI01000120.1_cds_WP_001046757.1_2847	27.064	218	233
WP_061209107.1	lcl|NZ_AOVI01000070.1_cds_WP_017855546.1_1558	28.030	132	233
WP_061209108.1	lcl|NZ_AOVI01000116.1_cds_WP_001281953.1_2721	34.509	397	390
WP_061209108.1	lcl|NZ_AOVI01000120.1_cds_WP_000608295.1_2877	32.713	376	390
WP_061209108.1	lcl|NZ_AOVI01000120.1_cds_WP_001198107.1_2878	31.198	359	390
WP_061209108.1	lcl|NZ_AOVI01000120.1_cds_WP_000582222.1_2867	29.921	381	390
WP_061209108.1	lcl|NZ_AOVI01000120.1_cds_WP_000947844.1_2855	26.944	360	390
WP_061209108.1	lcl|NZ_AOVI01000120.1_cds_WP_000346036.1_2848	26.632	383	390
WP_061209108.1	lcl|NZ_AOVI01000120.1_cds_WP_000575178.1_2809	25.137	366	390
WP_061209108.1	lcl|NZ_AOVI01000122.1_cds_WP_001982414.1_2959	23.834	386	390
WP_061209108.1	lcl|NZ_AOVI01000099.1_cds_WP_000538752.1_2224	26.344	372	390
WP_257945213.1	lcl|NZ_AOVI01000102.1_cds_WP_025181942.1_2358	92.739	303	364
WP_257945213.1	lcl|NZ_AOVI01000085.1_cds_LEP2GSC146_RS1000000124525_1928	82.895	152	364
WP_257945213.1	lcl|NZ_AOVI01000085.1_cds_LEP2GSC146_RS1000000124525_1928	86.087	115	364
WP_257945213.1	lcl|NZ_AOVI01000085.1_cds_LEP2GSC146_RS1000000124525_1928	82.353	85	364
WP_257945213.1	lcl|NZ_AOVI01000044.1_cds_WP_025181928.1_1098	94.675	169	364
WP_257945213.1	lcl|NZ_AOVI01000042.1_cds_LEP2GSC146_RS1000000125660_1033	86.813	182	364
WP_257945213.1	lcl|NZ_AOVI01000034.1_cds_LEP2GSC146_RS1000000125640_890	79.167	168	364
WP_257945213.1	lcl|NZ_AOVI01000034.1_cds_LEP2GSC146_RS1000000125640_890	76.596	47	364
WP_257945213.1	lcl|NZ_AOVI01000077.1_cds_LEP2GSC146_RS1000000124405_1741	78.261	115	364
WP_257945213.1	lcl|NZ_AOVI01000098.1_cds_LEP2GSC146_RS1000000126665_2194	80.435	46	364
WP_257945213.1	lcl|NZ_AOVI01000094.1_cds_LEP2GSC146_RS1000000124590_2056	93.939	33	364
WP_257945213.1	lcl|NZ_AOVI01000094.1_cds_LEP2GSC146_RS1000000124590_2056	60.870	46	364
WP_257945213.1	lcl|NZ_AOVI01000065.1_cds_LEP2GSC146_RS1000000124225_1453	93.939	33	364
WP_257945213.1	lcl|NZ_AOVI01000065.1_cds_LEP2GSC146_RS1000000124225_1453	60.870	46	364
WP_257945213.1	lcl|NZ_AOVI01000120.1_cds_LEP2GSC146_RS1000000126185_2916	65.714	35	364
WP_257945213.1	lcl|NZ_AOVI01000120.1_cds_LEP2GSC146_RS1000000126185_2916	76.190	21	364
WP_257945213.1	lcl|NZ_AOVI01000111.1_cds_WP_017855428.1_2499	26.852	108	364
WP_308339668.1	lcl|NZ_AOVI01000028.1_cds_LEP2GSC146_RS1000000123775_816	82.353	34	271
WP_308339668.1	lcl|NZ_AOVI01000070.1_cds_LEP2GSC146_RS1000000124305_1561	80.645	31	271
WP_308339668.1	lcl|NZ_AOVI01000136.1_cds_LEP2GSC146_RS0119460_3369	30.370	135	271
WP_308339668.1	lcl|NZ_AOVI01000097.1_cds_LEP2GSC146_RS01000000122515_2178	30.370	135	271
WP_308339668.1	lcl|NZ_AOVI01000050.1_cds_LEP2GSC146_RS1000000124065_1140	30.370	135	271
WP_308339668.1	lcl|NZ_AOVI01000045.1_cds_LEP2GSC146_RS1000000124010_1110	30.370	135	271
WP_308339668.1	lcl|NZ_AOVI01000015.1_cds_LEP2GSC146_RS1000000123515_251	30.370	135	271
WP_308339668.1	lcl|NZ_AOVI01000014.1_cds_LEP2GSC146_RS1000000122930_184	30.370	135	271
WP_308339668.1	lcl|NZ_AOVI01000045.1_cds_LEP2GSC146_RS0106265_1108	28.030	132	271
WP_308339668.1	lcl|NZ_AOVI01000108.1_cds_LEP2GSC146_RS0114145_2444	28.030	132	271
WP_308339668.1	lcl|NZ_AOVI01000023.1_cds_LEP2GSC146_RS0104040_715	28.030	132	271
WP_308339668.1	lcl|NZ_AOVI01000040.1_cds_LEP2GSC146_RS0105815_1028	27.273	132	271
WP_308339668.1	lcl|NZ_AOVI01000025.1_cds_WP_001083434.1_776	26.667	120	271
WP_228008661.1	lcl|NZ_AOVI01000114.1_cds_WP_000402845.1_2688	24.260	169	202
WP_228008661.1	lcl|NZ_AOVI01000142.1_cds_WP_000347681.1_3513	30.000	190	202
WP_228008661.1	lcl|NZ_AOVI01000133.1_cds_WP_001082180.1_3255	26.347	167	202
WP_228008661.1	lcl|NZ_AOVI01000120.1_cds_WP_000661932.1_2835	27.128	188	202
WP_228008661.1	lcl|NZ_AOVI01000092.1_cds_WP_000283287.1_2026	24.823	141	202
WP_228008661.1	lcl|NZ_AOVI01000111.1_cds_WP_000780983.1_2563	29.126	103	202
WP_061208040.1	lcl|NZ_AOVI01000120.1_cds_WP_001230564.1_2853	34.688	320	338
WP_061208040.1	lcl|NZ_AOVI01000120.1_cds_WP_000582618.1_2849	30.925	346	338
WP_061208040.1	lcl|NZ_AOVI01000018.1_cds_WP_001011675.1_317	35.821	268	338
WP_061208040.1	lcl|NZ_AOVI01000120.1_cds_WP_001230564.1_2853	34.688	320	338
WP_061208040.1	lcl|NZ_AOVI01000120.1_cds_WP_000582618.1_2849	30.925	346	338
WP_061208040.1	lcl|NZ_AOVI01000018.1_cds_WP_001011675.1_317	35.821	268	338
WP_081101349.1	lcl|NZ_AOVI01000120.1_cds_WP_001015422.1_2868	22.571	350	381
WP_061208039.1	lcl|NZ_AOVI01000124.1_cds_WP_000058904.1_3005	25.342	292	403
WP_061208039.1	lcl|NZ_AOVI01000124.1_cds_WP_000058904.1_3005	25.342	292	403
WP_061208038.1	lcl|NZ_AOVI01000020.1_cds_WP_000169688.1_408	25.681	257	334
WP_061208038.1	lcl|NZ_AOVI01000044.1_cds_WP_000403254.1_1101	34.906	106	334
WP_061208038.1	lcl|NZ_AOVI01000021.1_cds_WP_000116258.1_531	43.750	48	334
WP_061208038.1	lcl|NZ_AOVI01000032.1_cds_WP_000806764.1_874	23.221	267	334
WP_061208035.1	lcl|NZ_AOVI01000120.1_cds_WP_000977950.1_2842	31.553	599	581
WP_061208034.1	lcl|NZ_AOVI01000133.1_cds_WP_001082180.1_3255	28.485	165	236
WP_061208034.1	lcl|NZ_AOVI01000120.1_cds_WP_000661932.1_2835	30.693	101	236
WP_061208034.1	lcl|NZ_AOVI01000142.1_cds_WP_000347681.1_3513	25.503	149	236
WP_061208034.1	lcl|NZ_AOVI01000120.1_cds_WP_002082140.1_2844	27.642	123	236
WP_061208034.1	lcl|NZ_AOVI01000114.1_cds_WP_000402845.1_2688	33.000	100	236
WP_061208033.1	lcl|NZ_AOVI01000098.1_cds_WP_000600560.1_2205	21.642	268	407
WP_061208033.1	lcl|NZ_AOVI01000099.1_cds_WP_000861276.1_2237	24.427	131	407
WP_061208032.1	lcl|NZ_AOVI01000120.1_cds_WP_000859505.1_2832	88.583	254	257
WP_061208032.1	lcl|NZ_AOVI01000120.1_cds_WP_002969399.1_2851	24.390	246	257
WP_061208032.1	lcl|NZ_AOVI01000120.1_cds_WP_000774262.1_2881	25.100	251	257
WP_061208032.1	lcl|NZ_AOVI01000058.1_cds_WP_000805357.1_1292	28.571	203	257
WP_061208031.1	lcl|NZ_AOVI01000120.1_cds_WP_000487322.1_2831	86.501	363	363
WP_061208031.1	lcl|NZ_AOVI01000030.1_cds_WP_000649925.1_854	29.032	279	363
WP_061208031.1	lcl|NZ_AOVI01000120.1_cds_WP_000600889.1_2856	29.242	277	363
WP_061208031.1	lcl|NZ_AOVI01000064.1_cds_WP_000723090.1_1412	25.284	352	363
WP_061208031.1	lcl|NZ_AOVI01000084.1_cds_WP_000457972.1_1920	28.986	207	363
WP_061208031.1	lcl|NZ_AOVI01000104.1_cds_WP_000709511.1_2364	30.631	111	363
WP_061208031.1	lcl|NZ_AOVI01000133.1_cds_WP_000744700.1_3284	27.014	211	363
WP_061208031.1	lcl|NZ_AOVI01000120.1_cds_WP_000646250.1_2882	26.190	294	363
WP_061208031.1	lcl|NZ_AOVI01000120.1_cds_WP_000475904.1_2820	31.852	135	363
WP_061208030.1	lcl|NZ_AOVI01000120.1_cds_WP_001045300.1_2830	81.879	149	151
WP_061208029.1	lcl|NZ_AOVI01000120.1_cds_WP_000601375.1_2829	79.299	314	317
WP_061208029.1	lcl|NZ_AOVI01000120.1_cds_WP_000646250.1_2882	25.373	268	317
WP_061208029.1	lcl|NZ_AOVI01000012.1_cds_WP_001984071.1_163	27.778	270	317
WP_061208029.1	lcl|NZ_AOVI01000093.1_cds_WP_000688695.1_2049	31.126	151	317
WP_061208029.1	lcl|NZ_AOVI01000120.1_cds_WP_000600889.1_2856	23.693	287	317
WP_061208029.1	lcl|NZ_AOVI01000021.1_cds_WP_001074785.1_427	23.547	327	317
WP_061208029.1	lcl|NZ_AOVI01000064.1_cds_WP_000723090.1_1412	24.082	245	317
WP_061208029.1	lcl|NZ_AOVI01000120.1_cds_WP_001067557.1_2879	25.275	273	317
WP_061208029.1	lcl|NZ_AOVI01000030.1_cds_WP_000649925.1_854	23.077	273	317
WP_061208028.1	lcl|NZ_AOVI01000120.1_cds_WP_001068986.1_2828	81.879	298	298
WP_061208028.1	lcl|NZ_AOVI01000074.1_cds_WP_001099029.1_1691	29.612	206	298
WP_061208028.1	lcl|NZ_AOVI01000064.1_cds_WP_000282880.1_1408	35.156	128	298
WP_061208028.1	lcl|NZ_AOVI01000064.1_cds_WP_000854002.1_1409	38.211	123	298
WP_061208028.1	lcl|NZ_AOVI01000058.1_cds_WP_000868621.1_1314	27.928	111	298
WP_061208028.1	lcl|NZ_AOVI01000021.1_cds_WP_001129903.1_634	34.091	88	298
WP_061208027.1	lcl|NZ_AOVI01000120.1_cds_WP_000218148.1_2827	81.481	135	277
WP_061208027.1	lcl|NZ_AOVI01000138.1_cds_WP_000012765.1_3379	34.118	85	277
WP_061208026.1	lcl|NZ_AOVI01000120.1_cds_WP_000007538.1_2826	78.671	286	286
WP_061208026.1	lcl|NZ_AOVI01000149.1_cds_WP_001244016.1_3683	24.615	195	286
WP_061208025.1	lcl|NZ_AOVI01000120.1_cds_WP_000549978.1_2825	79.830	704	701
WP_061208025.1	lcl|NZ_AOVI01000120.1_cds_WP_000549978.1_2825	79.830	704	701
WP_061208025.1	lcl|NZ_AOVI01000120.1_cds_WP_000549978.1_2825	79.830	704	701
WP_061208024.1	lcl|NZ_AOVI01000120.1_cds_WP_000668361.1_2824	80.030	671	668
WP_061208023.1	lcl|NZ_AOVI01000120.1_cds_WP_000525967.1_2822	45.352	355	376
WP_061208023.1	lcl|NZ_AOVI01000096.1_cds_WP_000512778.1_2104	24.606	317	376
WP_061208023.1	lcl|NZ_AOVI01000021.1_cds_WP_001222086.1_557	25.882	170	376
WP_061208023.1	lcl|NZ_AOVI01000084.1_cds_WP_001122447.1_1895	27.523	109	376
WP_061208022.1	lcl|NZ_AOVI01000120.1_cds_WP_000475904.1_2820	94.767	344	344
WP_061208022.1	lcl|NZ_AOVI01000084.1_cds_WP_000457972.1_1920	35.821	268	344
WP_061208022.1	lcl|NZ_AOVI01000120.1_cds_WP_000600889.1_2856	29.293	198	344
WP_061208022.1	lcl|NZ_AOVI01000120.1_cds_WP_000646250.1_2882	26.277	274	344
WP_061208022.1	lcl|NZ_AOVI01000064.1_cds_WP_000723090.1_1412	27.711	249	344
WP_061208022.1	lcl|NZ_AOVI01000133.1_cds_WP_000744700.1_3284	22.989	261	344
WP_061208022.1	lcl|NZ_AOVI01000120.1_cds_WP_000487322.1_2831	24.908	273	344
WP_061208021.1	lcl|NZ_AOVI01000120.1_cds_WP_001024125.1_2819	89.891	366	368
WP_061208021.1	lcl|NZ_AOVI01000120.1_cds_WP_001024125.1_2819	89.891	366	368
WP_061208020.1	lcl|NZ_AOVI01000120.1_cds_WP_000734456.1_2818	96.277	376	376
WP_061208020.1	lcl|NZ_AOVI01000120.1_cds_WP_000823150.1_2852	26.829	205	376
WP_061208019.1	lcl|NZ_AOVI01000120.1_cds_WP_000686571.1_2817	93.165	395	395
WP_061208018.1	lcl|NZ_AOVI01000120.1_cds_WP_000289498.1_2816	95.249	421	421
WP_061208018.1	lcl|NZ_AOVI01000046.1_cds_WP_017855518.1_1119	42.222	180	421
WP_061208018.1	lcl|NZ_AOVI01000072.1_cds_WP_000555539.1_1604	28.729	181	421
WP_061208017.1	lcl|NZ_AOVI01000120.1_cds_WP_000103600.1_2815	82.843	408	414
WP_061208016.1	lcl|NZ_AOVI01000120.1_cds_WP_000939582.1_2814	89.709	447	449
WP_011669965.1	lcl|NZ_AOVI01000120.1_cds_WP_000050431.1_2813	87.333	300	301
WP_002723131.1	lcl|NZ_AOVI01000120.1_cds_WP_001084675.1_2812	72.945	292	293
WP_061208079.1	lcl|NZ_AOVI01000120.1_cds_WP_000876106.1_2811	79.701	335	337
WP_002727923.1	lcl|NZ_AOVI01000120.1_cds_WP_000343398.1_2810	89.130	138	143
WP_002727923.1	lcl|NZ_AOVI01000120.1_cds_WP_000799638.1_2861	33.333	135	143
WP_061208080.1	lcl|NZ_AOVI01000120.1_cds_WP_000575178.1_2809	87.328	363	363
WP_061208080.1	lcl|NZ_AOVI01000120.1_cds_WP_000608295.1_2877	37.398	369	363
WP_061208080.1	lcl|NZ_AOVI01000120.1_cds_WP_001198107.1_2878	33.144	353	363
WP_061208080.1	lcl|NZ_AOVI01000099.1_cds_WP_000538752.1_2224	29.050	358	363
WP_061208080.1	lcl|NZ_AOVI01000120.1_cds_WP_000582222.1_2867	32.895	304	363
WP_061208080.1	lcl|NZ_AOVI01000116.1_cds_WP_001281953.1_2721	25.272	368	363
WP_061208080.1	lcl|NZ_AOVI01000120.1_cds_WP_000346036.1_2848	27.684	354	363
WP_061208080.1	lcl|NZ_AOVI01000120.1_cds_WP_000947844.1_2855	29.268	246	363
WP_061208081.1	lcl|NZ_AOVI01000120.1_cds_WP_000560752.1_2808	37.719	228	265
WP_061208081.1	lcl|NZ_AOVI01000074.1_cds_WP_001099029.1_1691	29.255	188	265
WP_061208081.1	lcl|NZ_AOVI01000064.1_cds_WP_000282880.1_1408	24.380	242	265
WP_061208081.1	lcl|NZ_AOVI01000120.1_cds_WP_001068986.1_2828	25.714	210	265
WP_061208081.1	lcl|NZ_AOVI01000064.1_cds_WP_000854002.1_1409	26.809	235	265
WP_011669970.1	lcl|NZ_AOVI01000064.1_cds_WP_000282880.1_1408	67.897	271	281
WP_011669970.1	lcl|NZ_AOVI01000120.1_cds_WP_001068986.1_2828	30.742	283	281
WP_011669970.1	lcl|NZ_AOVI01000074.1_cds_WP_001099029.1_1691	30.526	190	281
WP_011669970.1	lcl|NZ_AOVI01000064.1_cds_WP_000854002.1_1409	26.636	214	281
WP_011669970.1	lcl|NZ_AOVI01000065.1_cds_WP_000262844.1_1445	24.286	140	281
WP_011669970.1	lcl|NZ_AOVI01000058.1_cds_WP_000868621.1_1314	32.222	90	281
WP_061208082.1	lcl|NZ_AOVI01000064.1_cds_WP_000854002.1_1409	59.589	584	586
WP_061208082.1	lcl|NZ_AOVI01000064.1_cds_WP_000282880.1_1408	27.619	210	586
WP_061208082.1	lcl|NZ_AOVI01000120.1_cds_WP_000560752.1_2808	32.174	230	586
WP_061208082.1	lcl|NZ_AOVI01000120.1_cds_WP_001068986.1_2828	33.065	124	586
WP_061208082.1	lcl|NZ_AOVI01000074.1_cds_WP_001099029.1_1691	29.665	209	586
WP_061208082.1	lcl|NZ_AOVI01000033.1_cds_WP_000840858.1_881	29.412	102	586
WP_061208082.1	lcl|NZ_AOVI01000064.1_cds_WP_000854002.1_1409	59.589	584	586
WP_061208082.1	lcl|NZ_AOVI01000064.1_cds_WP_000282880.1_1408	27.619	210	586
WP_061208082.1	lcl|NZ_AOVI01000120.1_cds_WP_000560752.1_2808	32.174	230	586
WP_061208082.1	lcl|NZ_AOVI01000120.1_cds_WP_001068986.1_2828	33.065	124	586
WP_061208082.1	lcl|NZ_AOVI01000074.1_cds_WP_001099029.1_1691	29.665	209	586
WP_061208082.1	lcl|NZ_AOVI01000033.1_cds_WP_000840858.1_881	29.412	102	586
WP_002727916.1	lcl|NZ_AOVI01000064.1_cds_WP_001159758.1_1410	89.785	186	186
WP_061208083.1	lcl|NZ_AOVI01000064.1_cds_WP_000642158.1_1411	86.601	306	306
WP_011671706.1	lcl|NZ_AOVI01000064.1_cds_WP_000723090.1_1412	92.857	336	349
WP_011671706.1	lcl|NZ_AOVI01000120.1_cds_WP_000646250.1_2882	31.642	335	349
WP_011671706.1	lcl|NZ_AOVI01000120.1_cds_WP_000600889.1_2856	29.464	336	349
WP_011671706.1	lcl|NZ_AOVI01000030.1_cds_WP_000649925.1_854	27.987	318	349
WP_011671706.1	lcl|NZ_AOVI01000133.1_cds_WP_000744700.1_3284	26.347	334	349
WP_011671706.1	lcl|NZ_AOVI01000104.1_cds_WP_000709511.1_2364	25.749	334	349
WP_011671706.1	lcl|NZ_AOVI01000120.1_cds_WP_001067557.1_2879	26.183	317	349
WP_011671706.1	lcl|NZ_AOVI01000120.1_cds_WP_000487322.1_2831	23.145	337	349
WP_011671706.1	lcl|NZ_AOVI01000012.1_cds_WP_001984071.1_163	23.964	338	349
WP_011671706.1	lcl|NZ_AOVI01000084.1_cds_WP_000457972.1_1920	30.612	147	349
WP_011671706.1	lcl|NZ_AOVI01000120.1_cds_WP_000475904.1_2820	26.506	249	349
WP_011671706.1	lcl|NZ_AOVI01000120.1_cds_WP_000410273.1_2885	24.199	281	349
WP_011671706.1	lcl|NZ_AOVI01000120.1_cds_WP_000601375.1_2829	25.292	257	349
WP_011671706.1	lcl|NZ_AOVI01000093.1_cds_WP_000688695.1_2049	24.797	246	349
WP_061208084.1	lcl|NZ_AOVI01000064.1_cds_WP_000842260.1_1413	96.259	294	294
WP_061208084.1	lcl|NZ_AOVI01000120.1_cds_WP_002969399.1_2851	30.939	181	294
WP_061208084.1	lcl|NZ_AOVI01000120.1_cds_WP_000774262.1_2881	26.455	189	294
WP_061208085.1	lcl|NZ_AOVI01000064.1_cds_WP_000878673.1_1414	86.420	324	324
WP_061208085.1	lcl|NZ_AOVI01000064.1_cds_WP_000394235.1_1416	25.543	184	324
WP_061208086.1	lcl|NZ_AOVI01000064.1_cds_WP_001114267.1_1415	89.109	303	303
WP_011669977.1	lcl|NZ_AOVI01000064.1_cds_WP_000394235.1_1416	85.461	282	282
WP_011669977.1	lcl|NZ_AOVI01000064.1_cds_WP_000878673.1_1414	26.344	186	282
WP_061208087.1	lcl|NZ_AOVI01000064.1_cds_WP_000827971.1_1417	85.529	463	464
