WP_002725873.1	7670	93.902	82	106	4331770	3.93e-40	138
WP_026054882.1	7670	85.479	365	365	4331770	0.0	607
WP_002733646.1	7670	95.676	185	185	4331770	2.85e-119	369
WP_002733646.1	7670	40.714	140	185	4331770	3.59e-25	99.0
WP_002733534.1	7670	98.480	329	329	4331770	0.0	672
WP_002733534.1	7670	32.063	315	329	4331770	1.17e-39	146
WP_002733534.1	7670	30.746	335	329	4331770	1.05e-36	137
WP_002733534.1	7670	31.715	309	329	4331770	2.95e-33	127
WP_002733534.1	7670	30.183	328	329	4331770	2.76e-27	110
WP_002733534.1	7670	28.829	333	329	4331770	7.00e-22	94.4
WP_002733534.1	7670	28.990	307	329	4331770	6.05e-18	82.4
WP_002733534.1	7670	29.682	283	329	4331770	8.82e-18	82.0
WP_002733534.1	7670	27.007	274	329	4331770	2.33e-13	68.6
WP_002733534.1	7670	25.078	319	329	4331770	3.48e-12	65.1
WP_002733534.1	7670	29.434	265	329	4331770	1.38e-09	57.0
WP_002733534.1	7670	26.378	254	329	4331770	1.25e-07	50.8
WP_002733627.1	7670	92.884	267	267	4331770	1.78e-169	516
WP_002733627.1	7670	27.895	190	267	4331770	1.20e-10	59.3
WP_002733627.1	7670	30.702	114	267	4331770	2.61e-09	55.1
WP_002733627.1	7670	27.128	188	267	4331770	8.81e-06	44.3
WP_002740721.1	7670	95.455	330	330	4331770	0.0	656
WP_002740721.1	7670	28.990	307	330	4331770	2.32e-18	84.0
WP_002740721.1	7670	24.453	274	330	4331770	8.57e-16	75.9
WP_002740721.1	7670	26.582	316	330	4331770	3.48e-13	68.2
WP_002740721.1	7670	23.881	335	330	4331770	1.43e-12	66.2
WP_002740721.1	7670	27.092	251	330	4331770	8.09e-11	60.8
WP_002740721.1	7670	28.846	260	330	4331770	2.03e-08	53.1
WP_002740721.1	7670	25.778	225	330	4331770	8.25e-08	51.2
WP_002740826.1	7670	95.628	366	366	4331770	0.0	732
WP_002740826.1	7670	40.000	365	366	4331770	4.92e-87	285
WP_002740826.1	7670	34.262	359	366	4331770	7.31e-60	206
WP_002740826.1	7670	28.232	379	366	4331770	3.15e-42	155
WP_002740826.1	7670	31.937	382	366	4331770	4.43e-42	154
WP_002740826.1	7670	30.084	359	366	4331770	1.73e-34	132
WP_002740826.1	7670	31.579	190	366	4331770	5.32e-14	71.2
WP_002740861.1	7670	95.368	367	367	4331770	0.0	737
WP_002740861.1	7670	39.452	365	367	4331770	2.54e-86	283
WP_002740861.1	7670	36.314	369	367	4331770	1.38e-70	237
WP_002740861.1	7670	31.781	365	367	4331770	2.48e-50	179
WP_002740861.1	7670	31.383	376	367	4331770	1.09e-44	162
WP_002740861.1	7670	30.159	378	367	4331770	1.13e-40	150
WP_002740861.1	7670	24.581	358	367	4331770	8.45e-17	79.7
WP_002740729.1	7670	91.912	544	544	4331770	0.0	1041
WP_002740998.1	7670	94.717	265	265	4331770	5.89e-162	495
WP_002740998.1	7670	46.091	243	265	4331770	5.52e-65	217
WP_032853071.1	7670	92.258	310	310	4331770	0.0	604
WP_032853071.1	7670	36.513	304	310	4331770	1.02e-65	221
WP_032853071.1	7670	26.471	306	310	4331770	2.81e-25	103
WP_032853071.1	7670	23.282	262	310	4331770	5.00e-08	51.6
WP_002740848.1	7670	93.103	261	264	4331770	8.78e-167	508
WP_002740917.1	7670	95.475	221	221	4331770	4.05e-143	439
WP_002740917.1	7670	29.487	78	221	4331770	1.03e-06	46.2
WP_002740917.1	7670	28.440	109	221	4331770	8.86e-05	40.4
WP_002740692.1	7670	26.207	290	283	4331770	1.77e-22	94.7
WP_230456811.1	7670	30.588	170	388	4331770	6.21e-16	77.4
WP_230456811.1	7670	28.980	245	388	4331770	6.74e-12	64.7
WP_230456811.1	7670	28.502	207	388	4331770	1.28e-10	60.8
WP_230456811.1	7670	26.531	147	388	4331770	5.19e-06	46.2
WP_230456811.1	7670	26.027	146	388	4331770	3.77e-05	43.1
WP_230456811.1	7670	22.353	170	388	4331770	8.25e-05	42.4
WP_002740695.1	7670	78.167	371	371	4331770	0.0	622
WP_002740804.1	7670	28.075	374	411	4331770	5.59e-38	144
WP_002740804.1	7670	26.190	252	411	4331770	1.39e-18	85.9
WP_002740724.1	7670	31.102	508	596	4331770	3.96e-59	212
WP_002740724.1	7670	35.154	421	596	4331770	3.91e-53	194
WP_002740724.1	7670	41.202	233	596	4331770	1.49e-45	171
WP_002740724.1	7670	29.353	402	596	4331770	1.41e-33	135
WP_002740724.1	7670	32.773	238	596	4331770	7.13e-21	95.1
WP_002740724.1	7670	29.200	250	596	4331770	1.62e-16	81.3
WP_002740724.1	7670	30.472	233	596	4331770	1.16e-15	78.6
WP_002740724.1	7670	28.270	237	596	4331770	3.96e-15	76.6
WP_002740724.1	7670	27.935	247	596	4331770	1.96e-14	74.3
WP_002740724.1	7670	27.103	214	596	4331770	4.12e-13	70.1
WP_002740724.1	7670	30.172	232	596	4331770	8.08e-13	69.3
WP_002740724.1	7670	28.226	248	596	4331770	7.96e-12	65.9
WP_002740724.1	7670	27.731	238	596	4331770	7.12e-11	62.8
WP_002740724.1	7670	29.927	274	596	4331770	1.70e-10	61.6
WP_002740724.1	7670	26.754	228	596	4331770	5.14e-10	60.1
WP_002740724.1	7670	29.876	241	596	4331770	6.04e-10	59.7
WP_002740724.1	7670	28.125	224	596	4331770	2.97e-09	57.8
WP_002740724.1	7670	28.829	222	596	4331770	1.04e-08	55.8
WP_002740724.1	7670	25.116	215	596	4331770	6.39e-08	53.1
WP_002740724.1	7670	26.512	215	596	4331770	3.58e-07	50.8
WP_002740724.1	7670	26.829	246	596	4331770	4.70e-07	50.4
WP_002740724.1	7670	28.372	215	596	4331770	4.28e-06	47.4
WP_002740724.1	7670	25.000	224	596	4331770	6.71e-06	46.6
WP_002740724.1	7670	24.664	223	596	4331770	2.50e-05	44.7
WP_002740724.1	7670	22.857	245	596	4331770	2.15e-04	41.6
WP_002733611.1	7670	40.556	180	176	4331770	1.55e-37	134
WP_016749081.1	7670	28.221	326	313	4331770	2.69e-18	83.2
WP_016749081.1	7670	30.317	221	313	4331770	1.47e-14	72.0
WP_016749081.1	7670	25.312	320	313	4331770	6.44e-13	67.0
WP_016749081.1	7670	23.344	317	313	4331770	4.31e-12	64.3
WP_016749081.1	7670	26.429	280	313	4331770	2.50e-11	62.0
WP_016749081.1	7670	21.429	322	313	4331770	6.58e-08	51.6
WP_016749081.1	7670	25.098	255	313	4331770	8.55e-06	44.7
WP_016749081.1	7670	24.653	288	313	4331770	1.41e-04	40.8
WP_016749081.1	7670	24.314	255	313	4331770	1.53e-04	40.8
WP_002738232.1	7670	30.081	123	134	4331770	6.18e-18	76.3
WP_002744551.1	7670	28.889	270	311	4331770	1.13e-13	69.3
WP_002744551.1	7670	28.346	254	311	4331770	1.46e-11	62.8
WP_002744551.1	7670	26.426	333	311	4331770	5.99e-09	54.7
WP_002744551.1	7670	21.672	323	311	4331770	4.85e-07	48.5
WP_002744551.1	7670	22.053	263	311	4331770	2.65e-06	46.2
WP_002744551.1	7670	23.596	267	311	4331770	5.12e-06	45.4
WP_002744551.1	7670	30.625	160	311	4331770	7.64e-05	41.6
WP_002733548.1	7670	23.457	486	485	4331770	1.29e-07	52.0
WP_002733638.1	7670	29.341	334	330	4331770	5.33e-32	124
WP_002733638.1	7670	27.586	348	330	4331770	4.17e-21	92.0
WP_002733638.1	7670	23.853	327	330	4331770	1.64e-10	59.7
WP_002733638.1	7670	26.577	222	330	4331770	6.45e-08	51.6
WP_002733638.1	7670	23.478	345	330	4331770	8.04e-08	51.2
WP_002733638.1	7670	25.965	285	330	4331770	1.37e-04	41.2
WP_002733599.1	7670	29.412	391	381	4331770	1.06e-41	154
WP_002733599.1	7670	29.367	395	381	4331770	4.35e-35	134
WP_002733599.1	7670	29.494	356	381	4331770	1.45e-24	103
WP_002733599.1	7670	27.374	358	381	4331770	5.27e-22	95.9
WP_002733599.1	7670	24.719	356	381	4331770	2.43e-19	87.8
WP_002733599.1	7670	31.525	295	381	4331770	1.74e-16	79.0
WP_002740722.1	7670	33.333	324	344	4331770	2.04e-51	181
WP_002740722.1	7670	38.028	284	344	4331770	5.10e-46	165
WP_002740722.1	7670	28.485	330	344	4331770	6.43e-20	88.6
WP_002740926.1	7670	25.610	246	351	4331770	1.77e-10	60.1
WP_002740926.1	7670	37.975	79	351	4331770	5.37e-09	55.5
WP_002740926.1	7670	48.837	43	351	4331770	3.40e-05	43.1
WP_002740926.1	7670	35.484	62	351	4331770	4.88e-04	39.7
WP_002740726.1	7670	34.043	329	753	4331770	6.91e-42	163
WP_002740726.1	7670	33.231	325	753	4331770	2.20e-31	130
WP_002740726.1	7670	25.797	345	753	4331770	6.96e-12	66.6
WP_002740808.1	7670	29.688	128	229	4331770	2.30e-08	51.6
WP_139363593.1	7670	69.159	107	269	4331770	1.17e-36	135
WP_139363593.1	7670	43.293	164	269	4331770	1.18e-24	100
WP_002740041.1	7670	27.273	231	281	4331770	4.97e-14	69.7
WP_002740041.1	7670	29.787	141	281	4331770	2.89e-06	45.8
WP_002740041.1	7670	21.591	176	281	4331770	4.53e-05	42.4
WP_002740235.1	7670	24.645	211	372	4331770	8.73e-08	51.6
WP_002733600.1	7670	28.063	253	255	4331770	5.56e-27	107
WP_002733600.1	7670	30.350	257	255	4331770	1.06e-25	103
WP_002733600.1	7670	28.333	120	255	4331770	6.60e-10	56.6
WP_002733582.1	7670	36.310	168	243	4331770	1.45e-27	108
WP_002733582.1	7670	32.271	251	243	4331770	1.50e-24	99.8
WP_002733582.1	7670	33.471	242	243	4331770	3.16e-24	98.6
WP_002733582.1	7670	28.191	188	243	4331770	9.40e-20	85.5
WP_002733582.1	7670	27.511	229	243	4331770	4.88e-19	83.6
WP_002733582.1	7670	27.869	244	243	4331770	1.97e-14	70.1
WP_002733582.1	7670	26.425	193	243	4331770	5.28e-09	53.5
WP_002733582.1	7670	24.121	199	243	4331770	1.99e-08	52.0
WP_002733582.1	7670	22.881	118	243	4331770	4.14e-08	50.8
WP_002733582.1	7670	24.419	172	243	4331770	1.82e-04	39.7
WP_002738295.1	7670	24.701	251	257	4331770	2.45e-12	63.9
WP_002738295.1	7670	28.571	203	257	4331770	1.55e-06	46.6
WP_002733757.1	7670	26.786	336	363	4331770	8.09e-24	100
WP_002733757.1	7670	25.568	352	363	4331770	2.44e-11	62.8
WP_002733757.1	7670	30.973	113	363	4331770	5.66e-09	55.5
WP_002733757.1	7670	27.488	211	363	4331770	2.70e-07	50.1
WP_002733757.1	7670	32.639	144	363	4331770	2.04e-06	47.4
WP_002733757.1	7670	32.593	135	363	4331770	2.89e-06	46.6
WP_002733546.1	7670	25.185	270	317	4331770	1.55e-20	90.1
WP_002733546.1	7670	30.182	275	317	4331770	1.00e-11	63.2
WP_002733546.1	7670	30.464	151	317	4331770	6.99e-09	54.7
WP_002733546.1	7670	23.853	327	317	4331770	1.38e-08	53.5
WP_002733546.1	7670	24.490	245	317	4331770	2.47e-07	49.7
WP_002733546.1	7670	27.160	162	317	4331770	6.01e-07	48.5
WP_002733546.1	7670	25.275	273	317	4331770	2.97e-06	46.2
WP_002733546.1	7670	22.866	328	317	4331770	6.76e-06	45.1
WP_002733546.1	7670	23.596	267	317	4331770	3.12e-05	43.1
WP_002733661.1	7670	29.126	206	298	4331770	2.90e-19	85.9
WP_002733661.1	7670	35.156	128	298	4331770	3.12e-16	76.6
WP_002733661.1	7670	38.211	123	298	4331770	5.00e-16	75.9
WP_002733661.1	7670	28.947	114	298	4331770	5.38e-05	42.0
WP_002733553.1	7670	92.287	376	376	4331770	0.0	728
WP_002733553.1	7670	24.662	296	376	4331770	7.64e-15	73.9
WP_002733553.1	7670	24.904	261	376	4331770	2.28e-11	63.2
WP_002733572.1	7670	90.710	366	368	4331770	0.0	694
WP_002721301.1	7670	96.011	376	376	4331770	0.0	752
WP_002721297.1	7670	93.165	395	395	4331770	0.0	754
WP_002733636.1	7670	95.249	421	421	4331770	0.0	831
WP_002733636.1	7670	42.222	180	421	4331770	4.42e-36	139
WP_002733636.1	7670	28.729	181	421	4331770	5.02e-17	81.3
WP_002733711.1	7670	82.126	414	414	4331770	4.78e-177	545
WP_002740298.1	7670	89.532	449	449	4331770	0.0	795
WP_002740298.1	7670	29.193	161	449	4331770	4.03e-04	40.4
WP_050547976.1	7670	71.080	287	295	4331770	1.17e-137	427
WP_002727923.1	7670	89.855	138	143	4331770	1.56e-84	267
WP_002740294.1	7670	86.501	363	363	4331770	0.0	667
WP_002740294.1	7670	37.110	353	363	4331770	1.21e-72	243
WP_002740294.1	7670	32.861	353	363	4331770	3.48e-57	198
WP_002740294.1	7670	29.330	358	363	4331770	3.60e-40	149
WP_002740294.1	7670	25.543	368	363	4331770	1.67e-34	132
WP_002740294.1	7670	25.341	367	363	4331770	4.74e-28	113
WP_002727913.1	7670	38.596	228	265	4331770	1.41e-45	161
WP_002727913.1	7670	29.787	188	265	4331770	6.25e-13	65.9
WP_002727913.1	7670	23.967	242	265	4331770	1.07e-08	53.1
WP_002727913.1	7670	26.809	235	265	4331770	1.98e-06	46.2
WP_002742128.1	7670	67.897	271	281	4331770	1.25e-130	406
WP_002742128.1	7670	30.769	195	281	4331770	7.37e-16	75.1
WP_002742128.1	7670	26.636	214	281	4331770	2.52e-13	67.4
WP_002742128.1	7670	25.000	140	281	4331770	2.72e-06	45.8
WP_002742128.1	7670	32.222	90	281	4331770	7.21e-06	44.7
WP_002740063.1	7670	85.948	306	306	4331770	0.0	552
WP_002740063.1	7670	29.730	296	306	4331770	2.72e-18	83.2
WP_002740024.1	7670	92.857	336	349	4331770	0.0	664
WP_002740024.1	7670	31.343	335	349	4331770	2.09e-36	137
WP_002740024.1	7670	26.994	326	349	4331770	3.09e-24	101
WP_002740024.1	7670	26.048	334	349	4331770	7.40e-23	97.8
WP_002740024.1	7670	25.749	334	349	4331770	1.09e-19	88.2
WP_002740024.1	7670	26.183	317	349	4331770	6.62e-13	67.4
WP_002740024.1	7670	24.412	340	349	4331770	2.28e-11	62.8
WP_002740024.1	7670	24.555	281	349	4331770	1.59e-09	53.5
WP_002740024.1	7670	43.750	16	349	4331770	1.59e-09	23.9
WP_002740024.1	7670	26.104	249	349	4331770	3.01e-09	56.2
WP_002740024.1	7670	24.390	246	349	4331770	4.91e-06	45.8
WP_002727921.1	7670	95.918	294	294	4331770	0.0	575
WP_002727921.1	7670	26.455	189	294	4331770	1.81e-10	58.9
WP_002727925.1	7670	85.802	324	324	4331770	0.0	598
WP_002727925.1	7670	25.543	184	324	4331770	3.12e-10	58.9
WP_002733618.1	7670	88.449	303	303	4331770	0.0	556
WP_002727927.1	7670	84.397	282	282	4331770	3.23e-164	502
WP_002727927.1	7670	24.336	226	282	4331770	1.06e-07	50.4
WP_228029599.1	7670	86.111	252	277	4331770	2.03e-133	414
WP_228029599.1	7670	79.310	29	277	4331770	5.43e-06	45.1
WP_228029599.1	7670	38.095	63	277	4331770	1.78e-05	43.5
WP_228029599.1	7670	73.077	26	277	4331770	1.73e-04	40.4
WP_000715958.1	7670	100.000	131	131	4331770	5.19e-85	268
WP_000406134.1	7670	79.839	372	372	4331770	0.0	625
WP_000275679.1	7670	29.839	372	416	4331770	5.17e-43	159
WP_000275679.1	7670	30.698	215	416	4331770	3.46e-21	94.0
WP_000834719.1	7670	34.264	394	605	4331770	1.13e-53	196
WP_000834719.1	7670	41.870	246	605	4331770	5.85e-44	167
WP_000834719.1	7670	44.954	218	605	4331770	7.28e-40	154
WP_000834719.1	7670	32.246	276	605	4331770	1.31e-28	119
WP_000834719.1	7670	32.353	238	605	4331770	6.44e-15	76.3
WP_000834719.1	7670	30.435	253	605	4331770	6.34e-12	66.2
WP_000834719.1	7670	30.942	223	605	4331770	8.91e-12	65.9
WP_000834719.1	7670	28.205	234	605	4331770	1.60e-11	65.1
WP_000834719.1	7670	27.848	237	605	4331770	6.32e-11	63.2
WP_000834719.1	7670	30.180	222	605	4331770	7.50e-11	62.8
WP_000834719.1	7670	26.953	256	605	4331770	5.31e-10	60.1
WP_000834719.1	7670	30.088	226	605	4331770	9.00e-10	59.3
WP_000834719.1	7670	27.239	268	605	4331770	4.85e-09	57.0
WP_000834719.1	7670	28.807	243	605	4331770	5.19e-09	57.0
WP_000834719.1	7670	30.085	236	605	4331770	8.73e-08	52.8
WP_000834719.1	7670	24.125	257	605	4331770	2.04e-07	51.6
WP_000834719.1	7670	26.606	218	605	4331770	1.06e-05	46.2
WP_000834719.1	7670	31.731	208	605	4331770	1.53e-05	45.4
WP_000799637.1	7670	31.655	139	142	4331770	3.18e-19	80.1
WP_001206408.1	7670	25.714	140	244	4331770	5.32e-07	47.8
WP_001206408.1	7670	30.357	168	244	4331770	1.33e-06	46.6
WP_001206408.1	7670	25.000	152	244	4331770	1.36e-06	46.2
WP_000579813.1	7670	32.484	314	315	4331770	3.72e-40	147
WP_000579813.1	7670	32.381	105	315	4331770	1.06e-06	47.8
WP_000579813.1	7670	30.769	91	315	4331770	8.42e-04	38.5
WP_000132018.1	7670	32.075	106	228	4331770	5.48e-11	59.3
WP_000132018.1	7670	26.490	151	228	4331770	5.33e-06	44.3
WP_000132018.1	7670	23.958	192	228	4331770	1.46e-04	40.0
WP_000947841.1	7670	28.941	387	387	4331770	3.50e-36	138
WP_000947841.1	7670	29.388	245	387	4331770	9.99e-27	110
WP_000947841.1	7670	27.500	360	387	4331770	4.16e-26	108
WP_000947841.1	7670	25.843	356	387	4331770	3.77e-23	99.4
WP_000947841.1	7670	26.361	349	387	4331770	2.10e-21	94.0
WP_000947841.1	7670	28.251	223	387	4331770	3.16e-16	78.2
WP_000947841.1	7670	26.502	283	387	4331770	4.23e-12	65.5
WP_000823146.1	7670	26.897	145	387	4331770	1.84e-04	41.2
WP_002115474.1	7670	27.419	186	287	4331770	5.66e-09	54.3
WP_002115474.1	7670	27.119	236	287	4331770	9.28e-09	53.9
WP_002115474.1	7670	29.787	141	287	4331770	1.20e-08	53.5
WP_002115474.1	7670	24.551	167	287	4331770	6.31e-08	51.2
WP_002115474.1	7670	31.633	98	287	4331770	5.63e-04	38.9
WP_000231290.1	7670	40.000	190	198	4331770	5.00e-39	139
WP_000231290.1	7670	26.396	197	198	4331770	2.28e-11	59.7
WP_000231290.1	7670	35.294	51	198	4331770	3.93e-04	38.1
WP_000848236.1	7670	36.694	248	251	4331770	9.66e-34	126
WP_000848236.1	7670	33.992	253	251	4331770	1.68e-30	117
WP_000848236.1	7670	31.579	133	251	4331770	4.93e-10	57.0
WP_002115390.1	7670	30.645	248	257	4331770	1.27e-22	94.4
WP_002115390.1	7670	30.939	181	257	4331770	5.70e-20	86.7
WP_002115390.1	7670	32.031	128	257	4331770	1.83e-09	55.5
WP_000661931.1	7670	22.297	296	320	4331770	1.78e-09	56.6
WP_000661931.1	7670	35.052	97	320	4331770	1.12e-06	47.8
WP_000661931.1	7670	22.222	252	320	4331770	7.27e-06	45.1
WP_000661931.1	7670	24.623	199	320	4331770	7.94e-06	45.1
WP_000661931.1	7670	22.396	192	320	4331770	9.13e-05	41.6
WP_000661931.1	7670	23.913	138	320	4331770	3.73e-04	39.7
WP_000661931.1	7670	34.615	52	320	4331770	4.64e-04	39.3
WP_000675255.1	7670	28.716	296	332	4331770	8.78e-28	111
WP_000601375.1	7670	24.415	299	317	4331770	8.68e-19	84.7
WP_000601375.1	7670	28.159	277	317	4331770	1.01e-10	60.1
WP_000601375.1	7670	26.351	148	317	4331770	3.48e-06	46.2
WP_000601375.1	7670	23.970	267	317	4331770	1.95e-05	43.5
WP_000601375.1	7670	25.806	248	317	4331770	1.85e-04	40.4
WP_000601375.1	7670	26.545	275	317	4331770	1.96e-04	40.4
WP_000007540.1	7669	33.562	146	287	404857	6.82e-06	44.7
WP_061294270.1	7670	64.095	674	670	4331770	0.0	740
WP_000050434.1	7670	99.681	313	313	4331770	0.0	649
WP_001084686.1	7670	96.528	288	297	4331770	0.0	565
WP_001084686.1	7670	73.333	30	297	4331770	9.06e-07	47.8
WP_000600954.1	7670	99.245	265	265	4331770	4.42e-174	530
WP_000600954.1	7670	30.328	244	265	4331770	2.24e-12	64.3
WP_000600954.1	7670	33.019	106	265	4331770	1.45e-08	52.8
WP_000600954.1	7670	23.810	189	265	4331770	1.71e-08	52.8
WP_004503036.1	7670	67.547	265	265	4331770	4.47e-112	352
WP_004503036.1	7670	41.803	244	265	4331770	1.21e-61	207
WP_004503036.1	7670	27.586	174	265	4331770	4.84e-10	57.4
WP_004503130.1	7670	77.143	140	146	4331770	1.84e-47	161
WP_004503087.1	7670	26.471	136	308	4331770	1.92e-06	46.6
WP_061236010.1	7670	35.623	393	595	4331770	5.85e-64	226
WP_061236010.1	7670	30.099	505	595	4331770	1.88e-54	198
WP_061236010.1	7670	42.254	213	595	4331770	5.31e-42	160
WP_061236010.1	7670	34.914	232	595	4331770	1.56e-38	150
WP_061236010.1	7670	32.468	231	595	4331770	2.48e-18	87.0
WP_061236010.1	7670	27.074	229	595	4331770	4.96e-17	82.8
WP_061236010.1	7670	29.114	237	595	4331770	1.29e-14	75.1
WP_061236010.1	7670	34.807	181	595	4331770	1.51e-14	74.7
WP_061236010.1	7670	28.631	241	595	4331770	1.00e-13	72.0
WP_061236010.1	7670	28.632	234	595	4331770	2.84e-13	70.9
WP_061236010.1	7670	30.698	215	595	4331770	2.53e-12	67.8
WP_061236010.1	7670	26.693	251	595	4331770	2.55e-12	67.8
WP_061236010.1	7670	29.213	178	595	4331770	2.73e-12	67.4
WP_061236010.1	7670	27.692	195	595	4331770	2.62e-11	64.3
WP_061236010.1	7670	32.051	156	595	4331770	1.99e-10	61.6
WP_061236010.1	7670	27.485	171	595	4331770	7.45e-10	59.7
WP_061236010.1	7670	27.350	234	595	4331770	8.25e-10	59.3
WP_061236010.1	7670	32.127	221	595	4331770	8.21e-09	56.2
WP_061236010.1	7670	29.114	158	595	4331770	8.49e-09	56.2
WP_061236010.1	7670	25.726	241	595	4331770	1.51e-08	55.5
WP_061236010.1	7670	26.778	239	595	4331770	4.81e-08	53.5
WP_061236010.1	7670	25.556	180	595	4331770	6.41e-06	46.6
WP_061236010.1	7670	24.590	183	595	4331770	6.47e-06	46.6
WP_061236010.1	7670	27.389	157	595	4331770	1.27e-05	45.8
WP_061236010.1	7670	26.705	176	595	4331770	1.98e-05	45.1
WP_061236010.1	7670	24.194	186	595	4331770	2.07e-05	45.1
WP_061236010.1	7670	25.000	216	595	4331770	2.83e-05	44.7
WP_198288176.1	7670	23.256	344	387	4331770	1.23e-04	41.6
WP_004503102.1	7670	33.645	321	339	4331770	9.80e-54	187
WP_004503102.1	7670	34.286	280	339	4331770	1.35e-38	143
WP_004503102.1	7670	27.052	329	339	4331770	1.65e-17	81.3
WP_004503046.1	7670	26.496	117	346	4331770	3.78e-06	46.2
WP_025185097.1	7669	39.726	73	115	404857	6.42e-04	35.4
WP_239245559.1	7670	46.154	52	539	4331770	4.76e-06	47.0
WP_239245559.1	7670	54.286	35	539	4331770	2.97e-04	41.2
WP_004503514.1	7670	28.505	214	365	4331770	1.71e-19	87.8
WP_004503514.1	7670	23.431	239	365	4331770	3.32e-08	52.8
WP_004503514.1	7670	23.590	195	365	4331770	8.76e-07	48.5
WP_004503514.1	7670	27.500	160	365	4331770	1.65e-06	47.4
WP_004503514.1	7670	29.000	100	365	4331770	1.06e-04	41.6
WP_004503514.1	7670	28.750	80	365	4331770	8.66e-04	38.9
WP_239248154.1	7669	31.818	352	360	404857	5.37e-43	157
WP_239248155.1	7670	28.261	276	331	4331770	2.17e-20	89.7
WP_239248155.1	7670	29.752	121	331	4331770	1.01e-06	47.8
WP_016759267.1	7669	26.000	200	288	404857	2.93e-07	49.3
WP_004498219.1	7670	83.432	338	343	4331770	0.0	589
WP_239248166.1	7670	77.736	265	265	4331770	4.56e-142	438
WP_239248166.1	7670	31.776	214	265	4331770	5.71e-10	57.0
WP_239248166.1	7670	27.103	107	265	4331770	2.36e-05	42.7
WP_061217842.1	7670	83.824	272	274	4331770	1.59e-158	485
WP_061217842.1	7670	31.282	195	274	4331770	6.95e-16	75.1
WP_061217842.1	7670	26.512	215	274	4331770	2.85e-13	67.4
WP_061217842.1	7670	32.258	93	274	4331770	1.62e-06	46.6
WP_061217842.1	7670	27.972	143	274	4331770	3.60e-06	45.4
WP_061217842.1	7670	32.258	93	274	4331770	3.61e-05	42.4
WP_239248167.1	7670	75.887	282	282	4331770	4.25e-148	456
WP_239248167.1	7670	25.000	212	282	4331770	4.19e-11	60.8
WP_000776640.1	7670	38.026	547	538	4331770	2.03e-97	322
WP_000093099.1	7670	46.988	83	99	4331770	3.20e-16	69.7
WP_223809837.1	7670	72.249	209	213	4331770	1.32e-100	316
WP_223809837.1	7670	26.289	194	213	4331770	1.76e-07	48.5
WP_223809837.1	7670	29.496	139	213	4331770	8.89e-04	37.4
WP_001106774.1	7670	30.790	367	417	4331770	8.83e-44	161
WP_000525968.1	7670	46.176	353	359	4331770	8.14e-94	304
WP_000525968.1	7670	23.443	273	359	4331770	5.63e-08	52.0
WP_000525968.1	7670	24.454	229	359	4331770	2.07e-05	43.9
WP_000525968.1	7670	27.642	123	359	4331770	6.56e-04	39.3
WP_002078515.1	7670	100.000	30	50	4331770	5.10e-19	62.8
WP_002078515.1	7670	100.000	20	50	4331770	5.10e-19	43.5
WP_002733615.1	7670	82.184	174	177	4331770	5.56e-97	304
WP_002733615.1	7670	32.374	139	177	4331770	9.18e-16	71.6
WP_002733621.1	7669	93.750	32	52	404857	1.97e-16	67.8
WP_039942433.1	7670	24.332	374	408	4331770	9.02e-30	119
WP_039942433.1	7670	21.818	220	408	4331770	1.37e-06	48.1
WP_039942433.1	7670	29.286	140	408	4331770	1.66e-06	47.8
WP_039942433.1	7670	23.256	215	408	4331770	5.22e-06	46.2
WP_039942433.1	7670	24.057	212	408	4331770	9.29e-06	45.4
WP_039942433.1	7670	52.083	48	408	4331770	1.30e-04	41.6
WP_244265121.1	7670	30.435	299	302	4331770	5.19e-37	137
WP_244265121.1	7670	27.099	262	302	4331770	8.43e-21	90.5
WP_010578390.1	7670	35.322	419	603	4331770	1.45e-53	195
WP_010578390.1	7670	45.259	232	603	4331770	1.48e-52	192
WP_010578390.1	7670	27.846	571	603	4331770	1.13e-42	162
WP_010578390.1	7670	34.495	287	603	4331770	8.00e-33	132
WP_010578390.1	7670	31.963	219	603	4331770	1.87e-18	87.4
WP_010578390.1	7670	28.947	228	603	4331770	7.72e-15	75.9
WP_010578390.1	7670	27.559	254	603	4331770	7.53e-13	69.3
WP_010578390.1	7670	28.319	226	603	4331770	1.29e-12	68.6
WP_010578390.1	7670	27.074	229	603	4331770	6.09e-12	66.2
WP_010578390.1	7670	29.614	233	603	4331770	1.35e-11	65.5
WP_010578390.1	7670	26.840	231	603	4331770	1.38e-11	65.1
WP_010578390.1	7670	24.903	257	603	4331770	4.53e-10	60.5
WP_010578390.1	7670	28.632	234	603	4331770	5.61e-10	60.1
WP_010578390.1	7670	28.632	234	603	4331770	9.50e-10	59.3
WP_010578390.1	7670	26.457	223	603	4331770	1.52e-09	58.5
WP_010578390.1	7670	28.511	235	603	4331770	1.77e-09	58.5
WP_010578390.1	7670	26.577	222	603	4331770	3.00e-09	57.8
WP_010578390.1	7670	30.973	226	603	4331770	3.55e-09	57.4
WP_010578390.1	7670	27.885	208	603	4331770	1.10e-08	55.8
WP_010578390.1	7670	28.333	240	603	4331770	3.68e-08	53.9
WP_010578390.1	7670	25.128	195	603	4331770	1.28e-07	52.4
WP_010578390.1	7670	27.897	233	603	4331770	1.57e-07	52.0
WP_010578390.1	7670	22.672	247	603	4331770	4.55e-07	50.4
WP_010578390.1	7670	28.270	237	603	4331770	6.44e-07	50.1
WP_010578390.1	7670	24.506	253	603	4331770	2.89e-06	47.8
WP_010578390.1	7670	24.696	247	603	4331770	6.48e-06	46.6
WP_010578390.1	7670	26.042	192	603	4331770	1.03e-05	46.2
WP_010578390.1	7670	27.000	200	603	4331770	2.31e-05	45.1
WP_010578389.1	7670	52.632	38	186	4331770	6.75e-04	37.0
WP_010578386.1	7670	27.848	158	210	4331770	5.79e-09	52.8
WP_039942517.1	7670	32.800	125	235	4331770	7.02e-10	56.2
WP_039942517.1	7670	35.000	60	235	4331770	2.56e-05	42.4
WP_010578367.1	7670	32.456	342	357	4331770	2.93e-42	155
WP_010578367.1	7670	33.441	311	357	4331770	1.80e-41	152
WP_010578367.1	7670	26.923	338	357	4331770	2.16e-16	78.2
WP_020984998.1	7670	23.529	170	390	4331770	1.92e-07	50.8
WP_020984998.1	7670	27.660	94	390	4331770	1.38e-04	41.6
WP_010578352.1	7669	38.983	59	279	404857	2.68e-04	39.7
WP_010578351.1	7670	35.593	236	255	4331770	1.05e-45	160
WP_020984884.1	7670	27.322	183	346	4331770	6.57e-05	42.4
WP_020984929.1	7670	34.322	236	243	4331770	2.25e-33	125
WP_020984929.1	7670	32.530	249	243	4331770	2.67e-32	122
WP_020984929.1	7670	32.800	250	243	4331770	3.42e-31	119
WP_020984929.1	7670	29.796	245	243	4331770	2.13e-24	99.0
WP_020984929.1	7670	26.172	256	243	4331770	7.33e-21	89.0
WP_020984929.1	7670	27.572	243	243	4331770	3.16e-20	87.0
WP_020984929.1	7670	27.320	194	243	4331770	5.05e-13	65.9
WP_020984929.1	7670	26.882	186	243	4331770	4.22e-12	63.2
WP_020984929.1	7670	25.116	215	243	4331770	2.83e-11	60.5
WP_020984929.1	7670	27.083	192	243	4331770	1.49e-08	52.4
WP_020984929.1	7670	25.833	240	243	4331770	7.03e-08	50.4
WP_020984929.1	7670	27.374	179	243	4331770	4.54e-07	47.8
WP_020984929.1	7670	21.488	242	243	4331770	4.72e-06	44.7
WP_020985009.1	7669	31.646	316	357	404857	1.51e-37	141
WP_010578338.1	7670	62.207	725	722	4331770	0.0	709
WP_020985003.1	7670	76.768	396	431	4331770	2.83e-171	530
WP_020985010.1	7670	62.637	546	593	4331770	0.0	694
WP_020985010.1	7670	28.302	212	593	4331770	3.98e-15	76.6
WP_020985010.1	7670	29.187	209	593	4331770	2.84e-09	57.8
WP_020985010.1	7670	29.004	231	593	4331770	4.74e-09	57.0
WP_020985010.1	7670	31.373	102	593	4331770	1.06e-05	46.2
WP_000667982.1	7670	29.012	324	414	4331770	1.46e-37	143
WP_241468521.1	7670	72.222	126	170	4331770	1.88e-47	162
WP_241468521.1	7670	72.222	126	170	4331770	6.24e-47	160
WP_241468521.1	7670	73.333	120	170	4331770	4.42e-44	152
WP_241468521.1	7670	73.913	115	170	4331770	5.62e-44	152
WP_241468521.1	7670	67.442	86	170	4331770	6.75e-27	103
WP_241468521.1	7670	67.442	86	170	4331770	6.75e-27	103
WP_241468521.1	7670	67.442	86	170	4331770	6.75e-27	103
WP_241468521.1	7670	67.442	86	170	4331770	2.68e-26	101
WP_241468521.1	7670	67.442	86	170	4331770	1.07e-25	100
WP_241468521.1	7670	67.442	86	170	4331770	4.25e-25	98.2
WP_241468521.1	7670	67.442	86	170	4331770	1.69e-24	96.7
WP_241468521.1	7670	67.089	79	170	4331770	2.21e-24	96.3
WP_241468521.1	7670	68.750	80	170	4331770	1.22e-22	91.3
WP_241468521.1	7670	36.478	159	170	4331770	6.89e-17	74.7
WP_241468521.1	7670	35.849	159	170	4331770	4.76e-16	72.4
WP_241468521.1	7670	70.909	55	170	4331770	1.18e-15	71.2
WP_241468521.1	7670	82.222	45	170	4331770	1.39e-15	70.9
WP_241468521.1	7670	69.091	55	170	4331770	1.89e-15	69.3
WP_241468521.1	7670	68.750	16	170	4331770	1.89e-15	26.9
WP_241468521.1	7670	78.723	47	170	4331770	7.85e-15	68.9
WP_241468521.1	7670	78.723	47	170	4331770	7.85e-15	68.9
WP_241468521.1	7670	78.723	47	170	4331770	7.85e-15	68.9
WP_241468521.1	7670	78.723	47	170	4331770	7.85e-15	68.9
WP_241468521.1	7670	78.723	47	170	4331770	7.85e-15	68.9
WP_241468521.1	7670	78.723	47	170	4331770	7.85e-15	68.9
WP_241468521.1	7670	65.455	55	170	4331770	1.41e-14	65.1
WP_241468521.1	7670	46.667	30	170	4331770	1.41e-14	28.1
WP_241468521.1	7670	78.723	47	170	4331770	2.60e-14	67.4
WP_241468521.1	7670	67.273	55	170	4331770	2.81e-14	67.0
WP_241468521.1	7670	78.723	47	170	4331770	8.62e-14	65.9
WP_241468521.1	7670	78.723	47	170	4331770	2.86e-13	64.3
WP_241468521.1	7670	73.333	45	170	4331770	6.32e-13	63.2
WP_241468521.1	7670	37.600	125	170	4331770	7.16e-13	63.2
WP_241468521.1	7670	63.636	55	170	4331770	8.18e-13	62.8
WP_241468521.1	7670	63.636	55	170	4331770	8.18e-13	62.8
WP_241468521.1	7670	63.636	55	170	4331770	8.18e-13	62.8
WP_241468521.1	7670	63.636	55	170	4331770	8.18e-13	62.8
WP_241468521.1	7670	63.636	55	170	4331770	8.18e-13	62.8
WP_241468521.1	7670	78.723	47	170	4331770	9.45e-13	62.8
WP_241468521.1	7670	38.060	134	170	4331770	3.03e-12	61.2
WP_241468521.1	7670	79.545	44	170	4331770	1.06e-11	59.7
WP_241468521.1	7670	75.000	40	170	4331770	5.13e-11	57.8
WP_241468521.1	7670	36.567	134	170	4331770	1.53e-10	56.2
WP_241468521.1	7670	71.053	38	170	4331770	1.25e-09	53.5
WP_241468521.1	7670	37.600	125	170	4331770	1.69e-09	53.1
WP_241468521.1	7670	32.895	152	170	4331770	2.72e-09	52.8
WP_241468521.1	7670	35.616	146	170	4331770	4.71e-09	52.0
WP_241468521.1	7670	35.172	145	170	4331770	2.58e-08	49.7
WP_241468521.1	7670	68.421	38	170	4331770	7.44e-08	48.5
WP_241468521.1	7670	68.421	38	170	4331770	7.44e-08	48.5
WP_241468521.1	7670	68.421	38	170	4331770	7.44e-08	48.5
WP_241468521.1	7670	68.421	38	170	4331770	7.44e-08	48.5
WP_241468521.1	7670	68.421	38	170	4331770	7.44e-08	48.5
WP_241468521.1	7670	68.421	38	170	4331770	7.44e-08	48.5
WP_241468521.1	7670	68.421	38	170	4331770	7.44e-08	48.5
WP_241468521.1	7670	68.421	38	170	4331770	2.77e-07	47.0
WP_241468521.1	7670	54.167	48	170	4331770	3.10e-07	46.6
WP_241468521.1	7670	54.167	48	170	4331770	3.10e-07	46.6
WP_241468521.1	7670	54.167	48	170	4331770	3.10e-07	46.6
WP_241468521.1	7670	54.167	48	170	4331770	3.10e-07	46.6
WP_241468521.1	7670	54.167	48	170	4331770	3.10e-07	46.6
WP_241468521.1	7670	54.167	48	170	4331770	3.10e-07	46.6
WP_241468521.1	7670	54.167	48	170	4331770	7.24e-07	45.4
WP_241468521.1	7670	33.793	145	170	4331770	9.52e-07	45.4
WP_241468521.1	7670	68.421	38	170	4331770	1.03e-06	45.1
WP_241468521.1	7670	54.167	48	170	4331770	1.69e-06	44.7
WP_241468521.1	7670	68.421	38	170	4331770	3.80e-06	43.5
WP_241468521.1	7670	68.421	38	170	4331770	3.80e-06	43.5
WP_241468521.1	7670	54.167	48	170	4331770	3.94e-06	43.5
WP_241468521.1	7670	54.167	48	170	4331770	8.43e-06	42.4
WP_241468521.1	7670	36.196	163	170	4331770	2.00e-05	41.2
WP_241468521.1	7670	31.973	147	170	4331770	2.55e-05	41.2
WP_241468521.1	7670	31.973	147	170	4331770	3.19e-05	40.8
WP_241468521.1	7670	32.394	142	170	4331770	3.28e-05	40.8
WP_241468521.1	7670	33.065	124	170	4331770	3.67e-05	40.4
WP_241468521.1	7670	71.875	32	170	4331770	5.80e-05	40.0
WP_241468521.1	7670	36.196	163	170	4331770	5.91e-05	40.0
WP_241468521.1	7670	39.726	73	170	4331770	1.06e-04	39.3
WP_241468521.1	7670	33.514	185	170	4331770	1.09e-04	39.3
WP_241468521.1	7670	53.333	45	170	4331770	1.17e-04	39.3
WP_241468521.1	7670	64.516	31	170	4331770	1.19e-04	38.9
WP_241468521.1	7670	39.241	79	170	4331770	1.69e-04	38.5
WP_241468521.1	7670	68.966	29	170	4331770	1.88e-04	38.5
WP_241468521.1	7670	68.966	29	170	4331770	1.88e-04	38.5
WP_241468521.1	7670	68.966	29	170	4331770	1.88e-04	38.5
WP_241468521.1	7670	68.966	29	170	4331770	1.88e-04	38.5
WP_241468521.1	7670	68.966	29	170	4331770	1.88e-04	38.5
WP_241468521.1	7670	68.966	29	170	4331770	1.88e-04	38.5
WP_241468521.1	7670	68.966	29	170	4331770	1.88e-04	38.5
WP_241468521.1	7670	67.857	28	170	4331770	2.50e-04	38.1
WP_241468521.1	7670	37.795	127	170	4331770	2.85e-04	38.1
WP_241468521.1	7670	68.966	29	170	4331770	6.00e-04	37.0
WP_241468521.1	7670	67.857	28	170	4331770	6.34e-04	37.0
WP_241468521.1	7670	31.429	105	170	4331770	7.29e-04	36.6
WP_241468521.1	7670	34.375	96	170	4331770	7.43e-04	36.6
WP_241468521.1	7670	34.375	96	170	4331770	7.85e-04	36.6
WP_241468521.1	7670	38.356	73	170	4331770	8.69e-04	36.6
WP_241468521.1	7670	54.286	35	170	4331770	0.001	36.6
WP_241468521.1	7670	54.286	35	170	4331770	0.001	36.6
WP_241468521.1	7670	54.286	35	170	4331770	0.001	36.6
WP_241468521.1	7670	54.286	35	170	4331770	0.001	36.6
WP_241468521.1	7670	54.286	35	170	4331770	0.001	36.6
WP_241468521.1	7670	54.286	35	170	4331770	0.001	36.6
WP_241468521.1	7670	54.286	35	170	4331770	0.001	36.6
WP_240738570.1	7669	92.368	380	380	404857	0.0	677
WP_240738570.1	7669	67.340	297	380	404857	8.38e-140	416
WP_240738570.1	7669	70.000	90	380	404857	8.38e-140	97.4
WP_241468520.1	7670	80.000	40	67	4331770	3.03e-12	57.0
WP_241468520.1	7670	78.049	41	67	4331770	8.38e-12	55.5
WP_241468520.1	7670	81.081	37	67	4331770	1.01e-11	55.5
WP_241468520.1	7670	77.500	40	67	4331770	3.17e-11	53.9
WP_241468520.1	7670	65.957	47	67	4331770	6.23e-11	53.1
WP_241468520.1	7670	72.093	43	67	4331770	1.10e-10	52.4
WP_241468520.1	7670	72.093	43	67	4331770	2.40e-10	51.6
WP_241468520.1	7670	72.093	43	67	4331770	4.96e-10	50.4
WP_241468520.1	7670	72.093	43	67	4331770	5.26e-10	50.4
WP_241468520.1	7670	72.093	43	67	4331770	5.26e-10	50.4
WP_241468520.1	7670	72.093	43	67	4331770	5.26e-10	50.4
WP_241468520.1	7670	75.000	40	67	4331770	9.57e-10	49.7
WP_241468520.1	7670	70.732	41	67	4331770	3.89e-09	48.1
WP_241468520.1	7670	73.684	38	67	4331770	5.92e-09	47.8
WP_241468520.1	7670	67.442	43	67	4331770	3.86e-08	45.4
WP_241468520.1	7670	70.270	37	67	4331770	9.99e-08	44.3
WP_241468520.1	7670	65.116	43	67	4331770	2.01e-07	43.1
WP_241468520.1	7670	65.116	43	67	4331770	2.01e-07	43.1
WP_241468520.1	7670	67.500	40	67	4331770	4.15e-07	42.4
WP_241468520.1	7670	70.968	31	67	4331770	1.17e-05	38.1
WP_241468520.1	7670	45.000	60	67	4331770	1.29e-05	38.1
WP_241468520.1	7670	46.667	45	67	4331770	3.40e-05	37.0
WP_241468520.1	7670	48.000	50	67	4331770	9.46e-05	35.8
WP_241468520.1	7670	70.370	27	67	4331770	1.00e-04	35.8
WP_241468520.1	7670	58.333	36	67	4331770	1.90e-04	35.0
WP_241468520.1	7670	76.000	25	67	4331770	2.16e-04	34.7
WP_241468520.1	7670	61.290	31	67	4331770	2.21e-04	34.7
WP_241468520.1	7670	37.931	87	67	4331770	3.51e-04	34.3
WP_241468520.1	7670	72.000	25	67	4331770	3.54e-04	34.3
WP_241468520.1	7670	78.261	23	67	4331770	6.66e-04	33.5
WP_241468520.1	7670	40.323	62	67	4331770	7.00e-04	33.1
WP_241468520.1	7670	48.780	41	67	4331770	8.11e-04	33.1
WP_003009804.1	7670	37.316	544	538	4331770	4.43e-98	323
WP_003009905.1	7670	81.250	144	145	4331770	3.45e-76	243
WP_003009905.1	7670	30.263	76	145	4331770	2.63e-04	37.4
WP_003009428.1	7670	30.488	328	664	4331770	2.27e-15	77.8
WP_003009428.1	7670	28.019	207	664	4331770	3.78e-10	60.8
WP_003009953.1	7670	82.184	174	177	4331770	9.26e-99	309
WP_003009953.1	7670	29.008	131	177	4331770	4.26e-12	61.2
WP_036096972.1	7670	75.949	237	241	4331770	1.40e-122	381
WP_036096972.1	7670	27.530	247	241	4331770	3.57e-13	66.2
WP_036096972.1	7670	25.862	232	241	4331770	1.08e-10	58.9
WP_036096972.1	7670	25.098	255	241	4331770	1.79e-10	58.2
WP_036096972.1	7670	30.526	95	241	4331770	1.93e-10	58.2
WP_036096972.1	7670	26.506	249	241	4331770	3.75e-07	48.1
WP_036096972.1	7670	25.000	204	241	4331770	6.91e-05	41.2
WP_036096972.1	7670	23.500	200	241	4331770	1.88e-04	39.7
WP_036096970.1	7670	75.815	368	371	4331770	0.0	607
WP_230458349.1	7670	28.232	379	418	4331770	9.72e-37	140
WP_230458349.1	7670	27.092	251	418	4331770	2.53e-19	88.2
WP_003009503.1	7670	33.245	379	598	4331770	1.42e-55	201
WP_003009503.1	7670	46.154	234	598	4331770	3.80e-50	185
WP_003009503.1	7670	43.777	233	598	4331770	2.92e-47	176
WP_003009503.1	7670	30.602	415	598	4331770	2.88e-33	134
WP_003009503.1	7670	31.933	238	598	4331770	8.72e-21	94.7
WP_003009503.1	7670	33.476	233	598	4331770	1.61e-19	90.9
WP_003009503.1	7670	28.571	252	598	4331770	1.07e-15	78.6
WP_003009503.1	7670	30.802	237	598	4331770	5.42e-14	73.2
WP_003009503.1	7670	28.682	258	598	4331770	3.08e-12	67.4
WP_003009503.1	7670	29.630	243	598	4331770	4.80e-12	66.6
WP_003009503.1	7670	28.761	226	598	4331770	7.55e-12	66.2
WP_003009503.1	7670	28.226	248	598	4331770	1.42e-11	65.1
WP_003009503.1	7670	27.536	207	598	4331770	1.93e-11	64.7
WP_003009503.1	7670	26.991	226	598	4331770	9.41e-11	62.4
WP_003009503.1	7670	27.311	238	598	4331770	3.02e-10	60.8
WP_003009503.1	7670	28.685	251	598	4331770	3.87e-10	60.5
WP_003009503.1	7670	25.632	277	598	4331770	2.23e-09	58.2
WP_003009503.1	7670	29.167	216	598	4331770	9.98e-09	55.8
WP_003009503.1	7670	30.508	236	598	4331770	7.05e-08	53.1
WP_003009503.1	7670	27.935	247	598	4331770	9.90e-08	52.8
WP_003009503.1	7670	24.074	216	598	4331770	4.13e-07	50.8
WP_003009503.1	7670	26.106	226	598	4331770	2.81e-06	47.8
WP_003009503.1	7670	27.189	217	598	4331770	5.93e-06	47.0
WP_003009503.1	7670	24.336	226	598	4331770	1.59e-05	45.4
WP_003009503.1	7670	25.439	228	598	4331770	1.71e-05	45.4
WP_003009503.1	7670	25.490	153	598	4331770	3.63e-04	41.2
WP_003009503.1	7670	28.049	164	598	4331770	4.41e-04	40.8
WP_003009503.1	7670	25.510	196	598	4331770	0.001	39.7
WP_003009636.1	7670	33.590	390	410	4331770	1.39e-58	204
WP_003009636.1	7670	20.225	178	410	4331770	4.32e-05	43.1
WP_003009636.1	7670	26.016	123	410	4331770	9.94e-05	42.0
WP_003009665.1	7670	27.044	318	317	4331770	5.68e-11	60.8
WP_003009665.1	7670	26.994	326	317	4331770	1.03e-10	60.1
WP_003009665.1	7670	24.919	309	317	4331770	1.27e-10	60.1
WP_003009665.1	7670	28.017	232	317	4331770	2.09e-09	56.2
WP_003009665.1	7670	23.006	326	317	4331770	7.31e-08	51.2
WP_003009665.1	7670	25.746	268	317	4331770	8.39e-07	48.1
WP_003009665.1	7670	24.900	249	317	4331770	1.91e-06	47.0
WP_036096962.1	7670	32.759	116	134	4331770	4.11e-18	76.6
WP_003009573.1	7670	31.111	315	330	4331770	6.38e-38	141
WP_003009573.1	7670	31.190	311	330	4331770	6.05e-35	132
WP_003009573.1	7670	29.721	323	330	4331770	4.15e-27	109
WP_003009573.1	7670	28.571	336	330	4331770	6.54e-26	106
WP_003009573.1	7670	28.076	317	330	4331770	1.54e-23	99.4
WP_003009573.1	7670	24.684	316	330	4331770	3.92e-19	86.3
WP_003009573.1	7670	27.407	270	330	4331770	8.72e-18	82.0
WP_003009573.1	7670	27.027	222	330	4331770	3.08e-12	65.1
WP_003009573.1	7670	24.034	233	330	4331770	4.29e-12	64.7
WP_003009573.1	7670	27.717	184	330	4331770	1.10e-05	44.7
WP_003009573.1	7670	23.116	199	330	4331770	2.02e-05	43.9
WP_003009573.1	7670	27.660	188	330	4331770	1.02e-04	41.6
WP_003009589.1	7670	29.487	78	206	4331770	8.20e-05	40.4
WP_003009589.1	7670	24.444	90	206	4331770	0.001	37.0
WP_003009812.1	7670	34.161	322	333	4331770	2.88e-51	180
WP_003009812.1	7670	37.124	299	333	4331770	2.91e-46	166
WP_003009812.1	7670	28.198	344	333	4331770	1.66e-20	90.1
WP_003009776.1	7670	23.358	411	387	4331770	7.21e-08	52.0
WP_036096948.1	7670	27.595	395	395	4331770	1.16e-37	142
WP_036096948.1	7670	32.400	250	395	4331770	4.75e-33	129
WP_036096948.1	7670	26.786	392	395	4331770	1.00e-32	128
WP_036096948.1	7670	27.822	381	395	4331770	6.22e-31	122
WP_036096948.1	7670	24.607	382	395	4331770	2.53e-28	115
WP_036096948.1	7670	28.302	265	395	4331770	2.48e-17	82.0
WP_036096948.1	7670	26.766	269	395	4331770	1.77e-12	66.6
WP_003009323.1	7670	26.744	86	210	4331770	2.15e-06	45.1
WP_003009722.1	7670	26.906	223	356	4331770	6.56e-06	45.4
WP_196221670.1	7670	29.286	140	279	4331770	4.38e-09	54.7
WP_196221670.1	7670	25.676	148	279	4331770	2.14e-08	52.4
WP_196221670.1	7670	25.843	178	279	4331770	4.27e-06	45.4
WP_196221670.1	7670	34.409	93	279	4331770	4.66e-05	42.0
WP_196221670.1	7670	22.523	222	279	4331770	1.03e-04	36.2
WP_196221670.1	7670	39.130	23	279	4331770	1.03e-04	23.9
WP_003009621.1	7670	24.590	244	323	4331770	1.90e-14	71.6
WP_003009621.1	7670	25.105	239	323	4331770	8.17e-13	66.6
WP_003009621.1	7670	25.726	241	323	4331770	2.79e-12	65.1
WP_003009621.1	7670	21.831	142	323	4331770	1.80e-06	47.0
WP_003009621.1	7670	24.060	266	323	4331770	2.27e-05	43.5
WP_003009344.1	7669	31.549	355	357	404857	3.27e-41	152
WP_003009407.1	7670	23.556	225	317	4331770	2.11e-13	68.6
WP_003009407.1	7670	25.221	226	317	4331770	5.60e-05	42.4
WP_003009407.1	7670	23.039	204	317	4331770	8.50e-05	41.6
WP_003009310.1	7670	27.670	206	301	4331770	2.56e-19	85.9
WP_003009310.1	7670	28.017	232	301	4331770	1.10e-16	78.2
WP_003009310.1	7670	36.508	126	301	4331770	1.24e-16	77.8
WP_003009310.1	7670	37.288	118	301	4331770	2.45e-11	62.0
WP_003009310.1	7670	31.034	116	301	4331770	1.14e-04	41.2
WP_003009880.1	7669	25.521	192	286	404857	4.25e-07	48.5
WP_003009580.1	7670	65.979	679	678	4331770	0.0	757
WP_003009943.1	7670	66.835	395	429	4331770	1.43e-146	459
WP_003009765.1	7670	51.187	379	382	4331770	3.18e-130	409
WP_003009765.1	7670	31.515	165	382	4331770	1.65e-13	69.7
WP_003009765.1	7670	23.288	219	382	4331770	8.93e-10	58.2
WP_003009765.1	7670	27.083	96	382	4331770	2.83e-05	43.5
WP_003009508.1	7670	89.565	345	345	4331770	0.0	638
WP_003009508.1	7670	24.370	238	345	4331770	3.86e-10	58.9
WP_003009508.1	7670	26.506	249	345	4331770	1.49e-08	53.9
WP_003009508.1	7670	22.222	261	345	4331770	2.45e-06	47.0
WP_003009508.1	7670	26.977	215	345	4331770	1.26e-05	44.7
WP_003009508.1	7670	29.231	130	345	4331770	3.62e-04	40.0
WP_003009508.1	7670	27.419	124	345	4331770	5.58e-04	39.3
WP_003009476.1	7670	64.146	410	416	4331770	2.03e-162	503
WP_003009413.1	7670	75.920	299	301	4331770	1.13e-153	473
WP_003009872.1	7670	70.803	274	296	4331770	1.12e-128	401
WP_003009375.1	7670	73.214	336	342	4331770	2.08e-172	528
WP_036096931.1	7670	83.453	139	143	4331770	9.51e-79	250
WP_003009932.1	7670	37.826	230	261	4331770	1.45e-42	152
WP_003009932.1	7670	28.649	185	261	4331770	3.95e-10	57.4
WP_003009932.1	7670	25.641	195	261	4331770	1.23e-07	50.1
WP_003009932.1	7670	25.475	263	261	4331770	1.18e-06	47.0
WP_003009471.1	7670	73.359	259	279	4331770	1.29e-127	397
WP_003009471.1	7670	27.064	218	279	4331770	1.99e-13	67.8
WP_003009471.1	7670	30.220	182	279	4331770	3.59e-09	55.1
WP_003009471.1	7670	45.833	48	279	4331770	5.13e-05	42.0
WP_003009471.1	7670	33.333	105	279	4331770	1.56e-04	40.4
WP_036096929.1	7670	58.242	546	585	4331770	0.0	617
WP_036096929.1	7670	27.586	203	585	4331770	1.78e-15	77.8
WP_036096929.1	7670	29.032	186	585	4331770	1.70e-08	55.1
WP_036096929.1	7670	26.066	211	585	4331770	2.94e-07	51.2
WP_003009327.1	7670	80.392	306	306	4331770	5.92e-172	525
WP_003009327.1	7670	27.027	296	306	4331770	6.40e-16	75.9
WP_003009876.1	7670	72.840	324	322	4331770	1.74e-152	471
WP_003009876.1	7670	25.140	179	322	4331770	2.83e-08	52.8
WP_003009525.1	7670	70.550	309	311	4331770	2.63e-144	446
WP_003009886.1	7670	75.532	282	279	4331770	1.03e-145	449
WP_003009886.1	7670	26.804	194	279	4331770	1.16e-08	53.1
WP_036096920.1	7670	82.969	458	471	4331770	0.0	672
WP_032912999.1	7670	84.828	145	145	4331770	6.69e-71	228
WP_282974009.1	7670	84.367	403	408	4331770	0.0	677
WP_282974009.1	7670	25.481	208	408	4331770	1.20e-08	54.7
WP_282974009.1	7670	28.144	167	408	4331770	4.32e-06	46.6
WP_004479640.1	7670	34.412	340	362	4331770	1.73e-39	147
WP_004479640.1	7670	30.591	389	362	4331770	1.99e-39	147
WP_004479640.1	7670	28.346	381	362	4331770	1.27e-38	144
WP_004479640.1	7670	30.814	344	362	4331770	3.75e-30	119
WP_004479640.1	7670	30.795	302	362	4331770	1.13e-28	115
WP_004479640.1	7670	23.269	361	362	4331770	7.94e-23	97.8
WP_004479640.1	7670	28.175	252	362	4331770	1.03e-16	79.3
WP_004479675.1	7670	61.883	223	229	4331770	4.15e-100	316
WP_004479675.1	7670	26.316	95	229	4331770	4.56e-04	38.5
WP_004479675.1	7670	27.434	113	229	4331770	8.85e-04	37.4
WP_282974006.1	7670	30.398	352	427	4331770	6.10e-40	150
WP_282974006.1	7670	27.888	251	427	4331770	7.49e-20	90.1
WP_004479635.1	7670	39.071	366	367	4331770	8.87e-68	229
WP_004479635.1	7670	39.118	363	367	4331770	1.97e-60	208
WP_004479635.1	7670	33.056	360	367	4331770	2.15e-48	173
WP_004479635.1	7670	37.110	353	367	4331770	1.35e-45	165
WP_004479635.1	7670	31.675	382	367	4331770	6.18e-40	148
WP_004479635.1	7670	27.704	379	367	4331770	5.99e-35	134
WP_004479635.1	7670	24.728	368	367	4331770	3.43e-10	59.3
WP_282974003.1	7670	38.889	180	176	4331770	4.05e-34	124
WP_282973997.1	7670	30.579	121	362	4331770	9.20e-12	63.9
WP_282973997.1	7670	24.066	241	362	4331770	1.95e-07	50.4
WP_282973997.1	7670	33.028	109	362	4331770	2.13e-04	40.8
WP_046690007.1	7670	22.222	108	207	4331770	2.84e-04	38.5
WP_046690007.1	7670	28.846	104	207	4331770	3.94e-04	38.1
WP_282973988.1	7670	34.375	64	237	4331770	2.88e-07	48.5
WP_282973988.1	7670	30.973	113	237	4331770	5.31e-06	44.3
WP_282973985.1	7670	30.667	75	265	4331770	8.64e-06	44.3
WP_230457147.1	7670	72.941	85	95	4331770	2.58e-25	95.5
WP_230457148.1	7670	91.549	71	71	4331770	5.40e-22	84.7
WP_004472242.1	7672	75.000	20	52	56757	6.31e-05	35.4
WP_004472242.1	7672	54.054	37	52	56757	5.60e-04	32.7
WP_004479740.1	7670	66.667	27	72	4331770	9.29e-05	35.8
WP_282974802.1	7670	43.662	142	179	4331770	7.10e-20	71.2
WP_282974802.1	7670	58.824	34	179	4331770	7.10e-20	40.0
WP_282974802.1	7670	64.516	31	179	4331770	2.03e-06	44.7
WP_032918765.1	7670	76.296	405	416	4331770	3.88e-162	503
WP_032921295.1	7670	69.444	288	297	4331770	4.65e-136	422
WP_004479683.1	7670	75.758	264	266	4331770	1.63e-136	422
WP_004479683.1	7670	28.794	257	266	4331770	2.86e-12	63.9
WP_004479683.1	7670	23.158	190	266	4331770	2.93e-09	55.1
WP_004479683.1	7670	31.858	113	266	4331770	3.88e-07	48.5
WP_004494236.1	7670	78.667	300	307	4331770	8.13e-152	468
WP_004420971.1	7670	95.490	510	510	4331770	0.0	931
WP_004420971.1	7670	27.077	325	510	4331770	4.54e-21	95.1
WP_004420971.1	7670	31.111	90	510	4331770	1.06e-05	45.8
WP_004434567.1	7670	30.037	273	318	4331770	7.37e-30	117
WP_004434567.1	7670	30.047	213	318	4331770	9.15e-17	78.6
WP_004434567.1	7670	26.778	239	318	4331770	1.12e-10	60.1
WP_004434567.1	7670	33.333	93	318	4331770	2.20e-06	46.6
WP_004434810.1	7670	32.075	106	242	4331770	2.57e-07	48.5
WP_004434810.1	7670	25.773	97	242	4331770	1.32e-06	46.6
WP_004434810.1	7670	25.157	159	242	4331770	6.05e-05	41.2
WP_004434771.1	7670	29.851	335	333	4331770	2.21e-28	113
WP_004434771.1	7670	26.979	341	333	4331770	2.12e-21	92.8
WP_004434771.1	7670	25.937	347	333	4331770	3.52e-17	80.1
WP_004434771.1	7670	24.556	338	333	4331770	7.89e-17	79.3
WP_004434771.1	7670	30.769	156	333	4331770	1.04e-10	60.5
WP_004434771.1	7670	28.402	169	333	4331770	2.17e-09	56.2
WP_004434771.1	7670	26.582	237	333	4331770	4.69e-09	55.5
WP_004434771.1	7670	27.907	215	333	4331770	1.10e-08	54.3
WP_004434771.1	7670	25.157	159	333	4331770	1.75e-05	43.9
WP_004434771.1	7670	26.291	213	333	4331770	3.78e-04	39.7
WP_004434477.1	7670	22.556	266	294	4331770	1.05e-09	56.6
WP_004434477.1	7670	26.697	221	294	4331770	1.11e-09	56.6
WP_004434477.1	7670	28.025	157	294	4331770	1.77e-05	43.5
WP_004434477.1	7670	22.632	190	294	4331770	6.23e-05	42.0
WP_004434477.1	7670	25.749	167	294	4331770	6.51e-05	42.0
WP_004434477.1	7670	29.204	113	294	4331770	1.65e-04	40.4
WP_004434939.1	7670	23.144	229	404	4331770	3.76e-04	40.0
WP_004434773.1	7670	46.988	166	174	4331770	2.48e-44	153
WP_004434773.1	7670	26.277	137	174	4331770	3.14e-09	52.8
WP_004434738.1	7670	38.293	410	416	4331770	4.09e-73	246
WP_004434462.1	7670	74.779	226	233	4331770	2.15e-116	362
WP_004434462.1	7670	31.579	95	233	4331770	3.94e-04	38.5
WP_232436020.1	7670	44.156	77	167	4331770	2.41e-20	84.7
WP_232436020.1	7670	49.057	53	167	4331770	5.95e-12	60.5
WP_232436020.1	7670	32.743	113	167	4331770	1.98e-07	47.4
WP_232436020.1	7670	39.216	51	167	4331770	8.11e-05	39.7
WP_004434874.1	7670	59.284	587	592	4331770	0.0	691
WP_004434874.1	7670	39.768	259	592	4331770	5.53e-50	184
WP_004434874.1	7670	40.598	234	592	4331770	1.20e-46	174
WP_004434874.1	7670	37.727	220	592	4331770	2.55e-40	155
WP_004434874.1	7670	28.992	238	592	4331770	5.09e-19	89.4
WP_004434874.1	7670	30.172	232	592	4331770	1.13e-16	81.6
WP_004434874.1	7670	31.224	237	592	4331770	2.87e-16	80.5
WP_004434874.1	7670	25.692	253	592	4331770	1.82e-15	77.8
WP_004434874.1	7670	31.837	245	592	4331770	3.83e-15	76.6
WP_004434874.1	7670	28.986	207	592	4331770	7.67e-15	75.9
WP_004434874.1	7670	28.326	233	592	4331770	4.14e-14	73.6
WP_004434874.1	7670	27.434	226	592	4331770	1.06e-13	72.0
WP_004434874.1	7670	26.891	238	592	4331770	2.16e-13	71.2
WP_004434874.1	7670	27.854	219	592	4331770	1.10e-12	68.9
WP_004434874.1	7670	26.549	226	592	4331770	2.92e-12	67.4
WP_004434874.1	7670	27.642	246	592	4331770	5.83e-12	66.2
WP_004434874.1	7670	24.675	231	592	4331770	6.68e-12	66.2
WP_004434874.1	7670	26.957	230	592	4331770	1.72e-11	64.7
WP_004434874.1	7670	28.571	203	592	4331770	2.59e-11	64.3
WP_004434874.1	7670	26.168	214	592	4331770	3.47e-11	63.9
WP_004434874.1	7670	28.163	245	592	4331770	3.65e-11	63.9
WP_004434874.1	7670	26.522	230	592	4331770	4.71e-11	63.5
WP_004434874.1	7670	26.141	241	592	4331770	3.23e-10	60.8
WP_004434874.1	7670	25.746	268	592	4331770	1.26e-09	58.9
WP_004434874.1	7670	22.822	241	592	4331770	8.02e-08	52.8
WP_004434874.1	7670	27.848	237	592	4331770	2.09e-07	51.6
WP_004434874.1	7670	21.675	203	592	4331770	3.92e-06	47.4
WP_004434874.1	7670	21.154	156	592	4331770	4.42e-06	47.4
WP_004434874.1	7670	28.054	221	592	4331770	5.18e-05	43.9
WP_004434874.1	7670	28.235	85	592	4331770	7.46e-05	43.1
WP_004434874.1	7670	22.778	180	592	4331770	3.64e-04	40.8
WP_004434663.1	7670	32.432	370	413	4331770	7.59e-52	184
WP_004434663.1	7670	31.557	244	413	4331770	3.08e-20	90.9
WP_198289705.1	7670	65.068	292	293	4331770	9.20e-132	410
WP_198289705.1	7670	27.759	299	293	4331770	1.63e-14	71.2
WP_198289705.1	7670	24.390	164	293	4331770	5.71e-05	42.0
WP_198289705.1	7670	22.840	162	293	4331770	7.43e-04	38.5
WP_004434466.1	7670	68.718	390	390	4331770	0.0	572
WP_004434466.1	7670	35.115	393	390	4331770	6.28e-69	233
WP_004434466.1	7670	32.507	363	390	4331770	8.88e-48	172
WP_004434466.1	7670	31.707	369	390	4331770	3.70e-46	167
WP_004434466.1	7670	25.356	351	390	4331770	4.13e-30	120
WP_004434466.1	7670	26.753	385	390	4331770	2.25e-29	118
WP_004434466.1	7670	31.818	286	390	4331770	1.38e-25	106
WP_004434686.1	7670	46.154	286	289	4331770	5.61e-72	238
WP_004434756.1	7670	67.899	676	676	4331770	0.0	953
WP_004434756.1	7670	29.306	447	676	4331770	2.70e-59	175
WP_004434756.1	7670	26.383	235	676	4331770	2.70e-59	71.2
WP_004434756.1	7670	32.389	247	676	4331770	5.24e-22	99.4
WP_004434756.1	7670	28.659	328	676	4331770	8.01e-10	59.7
WP_004434935.1	7670	55.484	310	333	4331770	4.36e-107	341
WP_004434629.1	7670	38.623	334	348	4331770	4.32e-62	212
WP_004434629.1	7670	37.013	308	348	4331770	7.47e-50	176
WP_004434629.1	7670	26.627	338	348	4331770	1.95e-15	75.1
WP_004434740.1	7670	29.333	150	293	4331770	4.79e-10	57.8
WP_004434740.1	7670	28.767	146	293	4331770	3.23e-05	42.7
WP_004434437.1	7670	32.778	180	256	4331770	2.69e-19	84.7
WP_004434437.1	7670	27.230	213	256	4331770	1.74e-15	73.6
WP_004434437.1	7670	26.267	217	256	4331770	1.58e-14	70.5
WP_243815746.1	7668	80.851	47	297	67282	1.82e-17	80.5
WP_004434977.1	7670	97.260	292	292	4331770	0.0	601
WP_004434977.1	7670	40.873	252	292	4331770	1.55e-66	222
WP_004434977.1	7670	26.455	189	292	4331770	1.37e-11	62.4
WP_004421360.1	7670	92.086	139	139	4331770	5.54e-81	256
WP_004421360.1	7670	23.529	102	139	4331770	8.02e-04	35.8
WP_004421329.1	7670	96.935	261	261	4331770	8.87e-175	531
WP_004421044.1	7670	95.455	264	264	4331770	1.54e-156	479
WP_004421044.1	7670	31.907	257	264	4331770	9.26e-29	112
WP_004421044.1	7670	33.086	269	264	4331770	2.27e-28	111
WP_004421044.1	7670	32.400	250	264	4331770	4.69e-27	107
WP_004421044.1	7670	30.502	259	264	4331770	3.61e-25	102
WP_004421044.1	7670	27.490	251	264	4331770	4.38e-19	84.3
WP_004421044.1	7670	33.333	96	264	4331770	6.00e-10	57.0
WP_004421044.1	7670	25.000	196	264	4331770	6.74e-08	50.8
WP_004421446.1	7670	90.722	194	194	4331770	8.46e-101	316
WP_004421390.1	7670	89.935	308	308	4331770	0.0	579
WP_004421390.1	7670	24.378	201	308	4331770	1.26e-04	41.2
WP_004421471.1	7670	91.195	318	318	4331770	0.0	616
WP_004450657.1	7670	93.927	247	247	4331770	1.40e-155	476
WP_004450657.1	7670	31.967	244	247	4331770	9.47e-33	123
WP_004450657.1	7670	31.076	251	247	4331770	4.28e-28	110
WP_004450657.1	7670	31.890	254	247	4331770	2.03e-23	96.3
WP_004450657.1	7670	28.287	251	247	4331770	5.64e-22	92.0
WP_004450657.1	7670	30.224	268	247	4331770	1.92e-17	79.0
WP_004450657.1	7670	29.474	190	247	4331770	4.24e-15	72.0
WP_004450657.1	7670	28.333	180	247	4331770	1.83e-12	64.3
WP_004450657.1	7670	25.346	217	247	4331770	2.32e-11	60.8
WP_004450657.1	7670	30.729	192	247	4331770	4.32e-11	60.1
WP_004450657.1	7670	24.176	182	247	4331770	8.32e-11	59.3
WP_004450657.1	7670	26.702	191	247	4331770	1.06e-08	52.8
WP_004450657.1	7670	27.347	245	247	4331770	3.75e-08	51.2
WP_004421009.1	7670	92.607	257	258	4331770	4.86e-149	457
WP_004421009.1	7670	30.350	257	258	4331770	4.93e-28	110
WP_004421009.1	7670	38.356	73	258	4331770	7.62e-07	47.4
WP_004421440.1	7670	32.787	122	134	4331770	3.79e-15	68.2
WP_004421440.1	7670	32.653	49	134	4331770	2.90e-05	40.0
WP_004421346.1	7670	43.141	554	588	4331770	4.56e-127	409
WP_004421149.1	7670	59.412	170	184	4331770	3.02e-61	202
WP_004421149.1	7670	40.816	49	184	4331770	1.63e-04	38.9
WP_004421318.1	7670	91.720	314	314	4331770	0.0	566
WP_053522407.1	7670	60.095	634	637	4331770	0.0	665
WP_004456870.1	7670	83.191	351	352	4331770	4.04e-177	543
WP_004456870.1	7670	25.616	203	352	4331770	5.52e-08	52.0
WP_198289710.1	7670	65.089	169	179	4331770	1.39e-58	194
WP_004434481.1	7670	83.455	411	434	4331770	0.0	620
WP_004448468.1	7670	88.566	516	516	4331770	0.0	919
WP_004448468.1	7670	34.052	232	516	4331770	2.09e-23	102
WP_243817856.1	7670	97.651	298	382	4331770	0.0	605
WP_243817856.1	7670	97.651	298	382	4331770	0.0	603
WP_243817856.1	7670	97.315	298	382	4331770	0.0	601
WP_243817856.1	7670	97.315	298	382	4331770	0.0	601
WP_243817856.1	7670	97.315	298	382	4331770	0.0	601
WP_243817856.1	7670	90.164	61	382	4331770	0.0	109
WP_243817856.1	7670	90.164	61	382	4331770	0.0	109
WP_243817856.1	7670	90.164	61	382	4331770	0.0	109
WP_243817856.1	7670	90.164	61	382	4331770	0.0	109
WP_243817856.1	7670	90.164	61	382	4331770	0.0	109
WP_243817856.1	7670	66.330	297	382	4331770	4.62e-137	410
WP_243817856.1	7670	66.330	297	382	4331770	4.62e-137	410
WP_243817856.1	7670	66.330	297	382	4331770	4.62e-137	410
WP_243817856.1	7670	66.330	297	382	4331770	4.62e-137	410
WP_243817856.1	7670	66.330	297	382	4331770	4.62e-137	410
WP_243817856.1	7670	66.330	297	382	4331770	4.62e-137	410
WP_243817856.1	7670	72.222	90	382	4331770	4.62e-137	94.7
WP_243817856.1	7670	72.222	90	382	4331770	4.62e-137	94.7
WP_243817856.1	7670	72.222	90	382	4331770	4.62e-137	94.7
WP_243817856.1	7670	72.222	90	382	4331770	4.62e-137	94.7
WP_243817856.1	7670	72.222	90	382	4331770	4.62e-137	94.7
WP_243817856.1	7670	72.222	90	382	4331770	4.62e-137	94.7
WP_243817856.1	7670	55.253	257	382	4331770	1.31e-61	212
WP_243817856.1	7670	67.442	86	382	4331770	7.09e-31	122
WP_243817856.1	7670	52.857	70	382	4331770	8.14e-15	73.9
WP_243817856.1	7670	64.865	37	382	4331770	3.04e-08	53.1
WP_243817856.1	7670	55.882	34	382	4331770	1.36e-04	41.6
WP_036063888.1	7670	93.121	596	597	4331770	0.0	984
WP_036063888.1	7670	33.333	378	597	4331770	1.99e-48	180
WP_036063888.1	7670	34.717	265	597	4331770	3.09e-38	149
WP_036063888.1	7670	33.061	245	597	4331770	1.23e-35	141
WP_036063888.1	7670	31.579	247	597	4331770	5.43e-21	95.5
WP_036063888.1	7670	29.204	226	597	4331770	3.77e-15	76.6
WP_036063888.1	7670	23.045	243	597	4331770	4.25e-15	76.6
WP_036063888.1	7670	29.960	247	597	4331770	9.43e-15	75.5
WP_036063888.1	7670	28.095	210	597	4331770	1.28e-14	75.1
WP_036063888.1	7670	29.339	242	597	4331770	1.85e-14	74.7
WP_036063888.1	7670	25.751	233	597	4331770	4.04e-14	73.6
WP_036063888.1	7670	27.854	219	597	4331770	1.73e-13	71.2
WP_036063888.1	7670	28.796	191	597	4331770	4.31e-13	70.1
WP_036063888.1	7670	27.111	225	597	4331770	2.38e-12	67.8
WP_036063888.1	7670	26.210	248	597	4331770	6.73e-12	66.2
WP_036063888.1	7670	26.667	225	597	4331770	4.87e-11	63.5
WP_036063888.1	7670	24.490	245	597	4331770	5.75e-10	60.1
WP_036063888.1	7670	24.609	256	597	4331770	1.83e-09	58.2
WP_036063888.1	7670	20.874	206	597	4331770	3.50e-09	57.4
WP_036063888.1	7670	24.000	225	597	4331770	3.59e-09	57.4
WP_036063888.1	7670	24.000	225	597	4331770	1.30e-08	55.5
WP_036063888.1	7670	30.052	193	597	4331770	4.19e-08	53.9
WP_036063888.1	7670	24.658	219	597	4331770	2.10e-07	51.6
WP_036063888.1	7670	25.092	271	597	4331770	3.59e-07	50.8
WP_036063888.1	7670	23.333	240	597	4331770	4.64e-07	50.4
WP_036063888.1	7670	23.684	266	597	4331770	4.96e-07	50.4
WP_036063888.1	7670	23.958	192	597	4331770	2.86e-04	41.2
WP_036063888.1	7670	22.917	240	597	4331770	3.38e-04	41.2
WP_243817855.1	7670	95.918	392	392	4331770	0.0	764
WP_243817855.1	7670	32.564	390	392	4331770	2.64e-63	217
WP_243817855.1	7670	33.060	366	392	4331770	9.01e-44	160
WP_243817855.1	7670	32.461	382	392	4331770	1.94e-36	139
WP_243817855.1	7670	26.316	380	392	4331770	2.77e-28	115
WP_243817855.1	7670	25.691	362	392	4331770	5.79e-24	102
WP_243817855.1	7670	27.139	339	392	4331770	3.61e-18	84.3
WP_004450690.1	7670	83.000	300	300	4331770	6.70e-156	479
WP_004450706.1	7670	90.030	331	331	4331770	0.0	570
WP_004450706.1	7670	30.729	192	331	4331770	2.74e-17	80.5
WP_004450706.1	7670	26.523	279	331	4331770	1.37e-12	66.2
WP_004421460.1	7670	97.600	250	250	4331770	4.65e-164	500
WP_004421460.1	7670	28.205	234	250	4331770	2.00e-23	96.7
WP_004421460.1	7670	27.083	240	250	4331770	8.18e-14	68.2
WP_004450681.1	7670	95.672	439	442	4331770	0.0	882
WP_004450681.1	7670	27.764	407	442	4331770	5.54e-40	150
WP_004450681.1	7670	22.917	432	442	4331770	2.87e-12	66.6
WP_004450681.1	7670	25.510	294	442	4331770	2.14e-06	47.8
WP_036063866.1	7670	92.337	261	261	4331770	1.21e-165	505
WP_036063866.1	7670	34.749	259	261	4331770	3.32e-46	162
WP_036063866.1	7670	24.082	245	261	4331770	1.27e-11	62.0
WP_004450670.1	7670	66.667	270	331	4331770	1.30e-110	351
WP_004450693.1	7670	91.765	340	350	4331770	0.0	609
WP_004450693.1	7670	32.660	297	350	4331770	3.68e-36	137
WP_004450693.1	7670	25.448	279	350	4331770	4.14e-10	58.9
WP_243817854.1	7670	80.000	75	310	4331770	4.93e-37	138
WP_243817854.1	7670	81.081	37	310	4331770	3.86e-12	64.3
WP_243817847.1	7670	50.943	53	66	4331770	1.59e-08	46.2
WP_243817847.1	7670	76.923	26	66	4331770	1.09e-06	41.2
WP_243817847.1	7670	83.333	24	66	4331770	2.95e-06	40.0
WP_243817847.1	7670	40.984	61	66	4331770	3.04e-05	37.0
WP_243817847.1	7670	65.385	26	66	4331770	4.67e-04	33.9
WP_243817847.1	7670	62.500	24	66	4331770	5.10e-04	33.5
WP_157226958.1	7670	59.259	27	53	4331770	1.79e-04	34.3
WP_157226958.1	7670	93.750	16	53	4331770	1.81e-04	34.3
WP_279575096.1	7670	70.370	81	357	4331770	4.05e-26	107
WP_279575096.1	7670	62.500	40	357	4331770	5.76e-08	52.0
WP_279575096.1	7670	29.545	132	357	4331770	1.90e-07	50.4
WP_279575096.1	7670	29.545	132	357	4331770	1.90e-07	50.4
WP_279575096.1	7670	29.545	132	357	4331770	1.90e-07	50.4
WP_279575096.1	7670	29.545	132	357	4331770	2.11e-07	50.4
WP_279575096.1	7670	29.545	132	357	4331770	2.37e-07	50.1
WP_279575096.1	7670	26.667	120	357	4331770	2.43e-07	50.1
WP_279575096.1	7670	31.818	132	357	4331770	7.66e-07	48.5
WP_279575096.1	7670	31.818	132	357	4331770	7.66e-07	48.5
WP_279575096.1	7670	31.818	132	357	4331770	7.66e-07	48.5
WP_279575096.1	7670	31.818	132	357	4331770	7.66e-07	48.5
WP_279575096.1	7670	31.818	132	357	4331770	7.66e-07	48.5
WP_279575096.1	7670	31.818	132	357	4331770	7.66e-07	48.5
WP_162833666.1	7670	81.250	48	265	4331770	2.04e-28	79.7
WP_162833666.1	7670	93.548	31	265	4331770	2.04e-28	61.2
WP_162833666.1	7670	37.374	99	265	4331770	2.94e-09	55.1
WP_162833666.1	7670	51.163	43	265	4331770	6.39e-07	42.7
WP_162833666.1	7670	47.368	19	265	4331770	6.39e-07	24.6
WP_016748630.1	7670	25.778	225	333	4331770	1.77e-15	75.1
WP_016560406.1	7670	25.888	394	392	4331770	1.92e-35	136
WP_016560406.1	7670	28.351	194	392	4331770	8.51e-08	52.0
WP_016560406.1	7670	23.926	163	392	4331770	2.87e-06	47.0
WP_016560406.1	7670	23.629	237	392	4331770	2.86e-05	43.9
WP_016560441.1	7670	54.598	174	174	4331770	2.07e-67	219
WP_016560441.1	7670	30.714	140	174	4331770	1.96e-12	62.0
WP_016560449.1	7670	64.764	403	405	4331770	2.68e-175	540
WP_016560449.1	7670	22.488	209	405	4331770	1.17e-04	42.0
WP_016560426.1	7670	38.760	258	362	4331770	1.47e-42	155
WP_016560426.1	7670	29.551	379	362	4331770	5.75e-40	148
WP_016560426.1	7670	29.155	367	362	4331770	7.84e-38	142
WP_016560426.1	7670	31.014	345	362	4331770	2.48e-33	129
WP_016560426.1	7670	32.143	280	362	4331770	4.27e-30	119
WP_016560426.1	7670	24.384	365	362	4331770	7.09e-29	115
WP_016560426.1	7670	29.457	258	362	4331770	4.79e-21	92.4
WP_016560398.1	7670	86.683	413	413	4331770	0.0	717
WP_016560398.1	7670	37.872	235	413	4331770	3.95e-32	127
WP_244266170.1	7670	70.833	72	370	4331770	2.39e-21	93.6
WP_004754565.1	7670	71.111	270	331	4331770	6.25e-129	403
WP_004777126.1	7670	95.840	601	608	4331770	0.0	1104
WP_004753843.1	7670	98.340	241	241	4331770	1.47e-163	498
WP_016560457.1	7670	98.630	365	365	4331770	0.0	729
WP_016560467.1	7670	92.235	528	528	4331770	0.0	964
WP_016748641.1	7670	90.957	188	188	4331770	2.02e-110	343
WP_004753611.1	7670	85.217	575	587	4331770	0.0	960
WP_004753611.1	7670	28.125	224	587	4331770	2.76e-13	70.9
WP_004753611.1	7670	29.856	278	587	4331770	7.08e-13	69.3
WP_004753611.1	7670	28.218	202	587	4331770	7.50e-09	56.2
WP_004754967.1	7670	93.048	187	187	4331770	1.48e-98	309
WP_016748654.1	7670	48.684	76	76	4331770	3.17e-15	65.9
WP_016748654.1	7670	46.667	75	76	4331770	1.74e-13	60.8
WP_016748654.1	7670	42.105	76	76	4331770	7.52e-13	58.9
WP_016748654.1	7670	31.148	122	76	4331770	1.43e-12	58.2
WP_016748654.1	7670	49.206	63	76	4331770	4.12e-12	57.0
WP_016748654.1	7670	44.615	65	76	4331770	3.10e-10	51.6
WP_016748654.1	7670	43.333	60	76	4331770	5.64e-10	50.8
WP_016748654.1	7670	39.726	73	76	4331770	1.47e-06	41.2
WP_016748654.1	7670	38.095	63	76	4331770	7.65e-06	39.3
WP_016748654.1	7670	27.869	122	76	4331770	1.26e-05	38.5
WP_016748654.1	7670	41.667	60	76	4331770	1.81e-05	38.1
WP_016748654.1	7670	31.081	74	76	4331770	7.61e-05	36.6
WP_016748654.1	7670	47.059	51	76	4331770	3.56e-04	34.7
WP_016748654.1	7670	33.333	63	76	4331770	3.85e-04	34.3
WP_000980525.1	7670	100.000	241	241	4331770	3.06e-162	494
WP_000980525.1	7670	26.316	266	241	4331770	2.14e-12	63.9
WP_000980525.1	7670	26.471	238	241	4331770	7.65e-12	62.0
WP_000980525.1	7670	34.375	96	241	4331770	2.29e-11	60.8
WP_000980525.1	7670	30.857	175	241	4331770	1.35e-09	55.5
WP_000980525.1	7670	25.101	247	241	4331770	5.49e-08	50.4
WP_000980525.1	7670	25.339	221	241	4331770	2.88e-06	45.4
WP_000378095.1	7670	99.324	296	296	4331770	0.0	568
WP_000378095.1	7670	27.517	298	296	4331770	2.15e-14	71.2
WP_000378095.1	7670	44.737	38	296	4331770	6.47e-04	38.5
WP_000653659.1	7670	94.815	270	332	4331770	7.11e-173	530
WP_000206940.1	7672	91.453	117	349	56757	3.43e-64	218
WP_232426365.1	7670	100.000	245	245	4331770	1.19e-166	507
WP_232426365.1	7670	31.214	173	245	4331770	6.26e-14	68.6
WP_232426365.1	7670	32.584	89	245	4331770	2.07e-05	42.7
WP_004766738.1	7670	91.045	67	310	4331770	4.36e-39	144
WP_004766738.1	7670	97.619	42	310	4331770	4.46e-19	85.5
WP_004766690.1	7670	99.552	670	670	4331770	0.0	1050
WP_017214685.1	7670	21.790	257	260	4331770	1.29e-08	52.8
WP_017214685.1	7670	25.581	215	260	4331770	3.13e-05	42.4
WP_017214686.1	7670	28.399	331	374	4331770	6.08e-20	89.4
WP_017214686.1	7670	26.950	282	374	4331770	3.16e-18	84.3
WP_017214686.1	7670	26.254	339	374	4331770	6.06e-13	67.8
WP_017214686.1	7670	26.545	275	374	4331770	2.23e-09	56.6
WP_017214686.1	7670	23.907	343	374	4331770	6.35e-08	52.0
WP_017214689.1	7670	28.133	391	413	4331770	1.65e-41	154
WP_017214689.1	7670	26.012	173	413	4331770	1.25e-05	45.1
WP_020981159.1	7670	32.317	328	324	4331770	6.95e-51	179
WP_020981159.1	7670	34.307	137	324	4331770	2.53e-12	65.5
WP_020981159.1	7670	29.134	127	324	4331770	6.84e-08	51.6
WP_020981159.1	7670	29.167	96	324	4331770	1.44e-04	40.8
WP_017214691.1	7670	33.333	93	229	4331770	3.72e-06	44.7
WP_017214691.1	7670	26.316	95	229	4331770	5.55e-06	44.3
WP_020981249.1	7670	44.690	452	477	4331770	2.46e-119	382
WP_020981249.1	7670	32.159	227	477	4331770	1.34e-29	120
WP_020981230.1	7670	52.574	272	312	4331770	4.88e-84	273
WP_017214711.1	7669	81.992	472	471	404857	0.0	779
WP_020981199.1	7670	24.651	215	417	4331770	3.62e-09	56.2
WP_020981199.1	7670	26.244	221	417	4331770	5.53e-09	55.8
WP_020981199.1	7670	26.407	231	417	4331770	1.86e-08	54.3
WP_020981199.1	7670	25.595	168	417	4331770	4.14e-08	53.1
WP_020981199.1	7670	24.221	289	417	4331770	4.37e-05	43.1
WP_017214720.1	7670	24.611	386	521	4331770	5.49e-13	69.3
WP_155243473.1	7670	26.506	166	547	4331770	3.24e-05	44.3
WP_020981216.1	7670	59.057	530	530	4331770	0.0	630
WP_017214735.1	7670	63.830	188	187	4331770	2.53e-71	231
WP_017214737.1	7670	93.724	239	245	4331770	9.52e-153	468
WP_036057970.1	7669	74.545	55	55	404857	1.65e-22	85.5
WP_001018782.1	7670	76.000	25	77	4331770	1.09e-05	38.9
WP_001256699.1	7670	23.757	362	699	4331770	1.05e-07	52.8
WP_002072219.1	7670	59.524	42	44	4331770	1.33e-07	42.4
WP_000075880.1	7670	100.000	34	94	4331770	2.11e-22	71.6
WP_000075880.1	7670	53.226	62	94	4331770	2.11e-22	46.2
WP_000075880.1	7670	69.231	39	94	4331770	2.71e-12	58.5
WP_230665944.1	7670	90.196	153	206	4331770	1.82e-64	213
WP_230665944.1	7670	93.651	63	206	4331770	1.04e-32	121
WP_230665944.1	7670	81.081	37	206	4331770	5.55e-12	61.6
WP_002076509.1	7670	30.638	235	223	4331770	6.84e-17	76.6
WP_002076509.1	7670	26.906	223	223	4331770	4.28e-15	71.2
WP_002076509.1	7670	29.808	104	223	4331770	3.18e-07	47.8
WP_002076509.1	7670	29.670	91	223	4331770	6.16e-05	40.8
WP_002076509.1	7670	26.705	176	223	4331770	1.01e-04	40.4
WP_002076509.1	7670	24.638	207	223	4331770	1.36e-04	40.0
WP_001136119.1	7670	32.362	343	354	4331770	1.87e-43	158
WP_001136119.1	7670	34.237	295	354	4331770	1.71e-32	126
WP_001136119.1	7670	28.435	313	354	4331770	1.32e-13	69.7
WP_000535865.1	7670	43.373	166	234	4331770	9.75e-33	122
WP_000535865.1	7670	28.365	208	234	4331770	1.95e-12	63.9
WP_000535865.1	7670	23.043	230	234	4331770	8.98e-11	58.9
WP_000535865.1	7670	33.333	111	234	4331770	6.01e-10	56.2
WP_001117631.1	7670	31.989	372	387	4331770	2.33e-40	150
WP_001117631.1	7670	28.448	348	387	4331770	3.48e-37	141
WP_001117631.1	7670	33.600	250	387	4331770	1.78e-34	133
WP_001117631.1	7670	37.864	206	387	4331770	3.09e-34	132
WP_001117631.1	7670	29.329	283	387	4331770	7.32e-30	119
WP_001117631.1	7670	26.480	321	387	4331770	2.54e-19	87.8
WP_001117631.1	7670	24.251	367	387	4331770	6.03e-16	77.4
WP_029781911.1	7670	36.327	245	572	4331770	1.04e-32	132
WP_029781911.1	7670	28.500	200	572	4331770	2.95e-13	70.5
WP_029781911.1	7670	21.538	130	572	4331770	2.61e-07	51.2
WP_029781911.1	7670	33.613	119	572	4331770	1.06e-04	42.7
WP_000041234.1	7670	34.161	322	417	4331770	2.10e-39	148
WP_000041234.1	7670	31.657	338	417	4331770	6.96e-38	144
WP_000041234.1	7670	31.385	325	417	4331770	5.11e-35	135
WP_000041234.1	7670	32.573	307	417	4331770	6.71e-35	135
WP_000041234.1	7670	28.354	328	417	4331770	4.72e-34	132
WP_000041234.1	7670	25.907	386	417	4331770	4.94e-19	87.4
WP_000041234.1	7670	24.206	252	417	4331770	2.23e-11	63.5
WP_002108506.1	7669	35.385	130	216	404857	7.64e-15	70.5
WP_002108506.1	7669	30.061	163	216	404857	1.88e-09	54.3
WP_025180280.1	7670	31.557	244	242	4331770	8.85e-35	129
WP_025180280.1	7670	29.268	246	242	4331770	9.15e-19	82.8
WP_002108525.1	7670	31.660	259	255	4331770	5.18e-31	118
WP_002108525.1	7670	28.846	260	255	4331770	1.39e-25	102
WP_002108525.1	7670	26.336	262	255	4331770	1.12e-19	85.9
WP_002108525.1	7670	24.907	269	255	4331770	2.19e-18	82.0
WP_002108525.1	7670	25.940	266	255	4331770	2.80e-18	81.6
WP_002108525.1	7670	24.409	254	255	4331770	2.35e-17	79.0
WP_002108525.1	7670	38.235	102	255	4331770	6.56e-15	71.6
WP_002108525.1	7670	26.230	183	255	4331770	1.16e-08	52.8
WP_002108525.1	7670	29.851	201	255	4331770	1.65e-06	46.2
WP_002108525.1	7670	25.389	193	255	4331770	2.98e-05	42.4
WP_002108525.1	7670	34.722	72	255	4331770	6.50e-04	38.1
WP_002108502.1	7670	29.091	330	314	4331770	3.26e-34	130
WP_002108526.1	7670	39.024	287	282	4331770	2.27e-42	152
WP_002108526.1	7670	35.052	291	282	4331770	4.21e-36	134
WP_002108526.1	7670	27.574	272	282	4331770	3.93e-11	60.8
WP_002078520.1	7670	37.905	401	401	4331770	5.47e-82	271
WP_002078520.1	7670	33.842	393	401	4331770	2.98e-63	217
WP_002078520.1	7670	31.452	372	401	4331770	4.64e-46	167
WP_002078520.1	7670	28.084	381	401	4331770	1.20e-40	151
WP_002078520.1	7670	30.579	363	401	4331770	1.45e-36	139
WP_002078520.1	7670	25.521	384	401	4331770	6.07e-30	120
WP_002078520.1	7670	26.509	381	401	4331770	3.65e-25	105
WP_025180279.1	7670	30.163	368	568	4331770	7.50e-35	138
WP_025180279.1	7670	32.381	210	568	4331770	1.57e-26	112
WP_025180279.1	7670	31.858	226	568	4331770	8.87e-25	107
WP_025180279.1	7670	31.132	212	568	4331770	2.66e-22	99.4
WP_025180279.1	7670	33.663	202	568	4331770	3.48e-20	92.8
WP_025180279.1	7670	30.811	185	568	4331770	9.96e-18	84.7
WP_025180279.1	7670	31.606	193	568	4331770	3.01e-17	83.2
WP_025180279.1	7670	30.570	193	568	4331770	4.86e-16	79.3
WP_025180279.1	7670	33.505	194	568	4331770	1.84e-15	77.8
WP_025180279.1	7670	29.442	197	568	4331770	2.12e-15	77.4
WP_025180279.1	7670	31.606	193	568	4331770	3.03e-14	73.6
WP_025180279.1	7670	34.641	153	568	4331770	1.30e-13	71.6
WP_025180279.1	7670	30.000	180	568	4331770	2.29e-13	70.9
WP_025180279.1	7670	30.570	193	568	4331770	1.67e-12	68.2
WP_025180279.1	7670	31.148	183	568	4331770	3.48e-12	67.0
WP_025180279.1	7670	31.522	184	568	4331770	1.69e-11	64.7
WP_025180279.1	7670	28.108	185	568	4331770	2.78e-11	63.9
WP_025180279.1	7670	27.638	199	568	4331770	6.36e-11	62.8
WP_025180279.1	7670	29.680	219	568	4331770	1.32e-10	62.0
WP_025180279.1	7670	30.000	190	568	4331770	1.68e-10	61.6
WP_025180279.1	7670	26.943	193	568	4331770	3.92e-10	60.5
WP_025180279.1	7670	25.654	191	568	4331770	1.02e-09	58.9
WP_025180279.1	7670	27.368	190	568	4331770	7.22e-09	56.2
WP_025180279.1	7670	28.293	205	568	4331770	7.73e-09	56.2
WP_025180279.1	7670	26.061	165	568	4331770	3.25e-07	50.8
WP_025180279.1	7670	23.462	260	568	4331770	8.48e-07	49.7
WP_025180279.1	7670	25.668	187	568	4331770	3.39e-06	47.4
WP_025180279.1	7670	26.316	228	568	4331770	6.47e-06	46.6
WP_025180279.1	7670	26.904	197	568	4331770	4.56e-05	43.9
WP_025180279.1	7670	25.822	213	568	4331770	5.94e-05	43.5
WP_025180279.1	7670	24.138	203	568	4331770	4.22e-04	40.8
WP_001047906.1	7670	39.583	96	211	4331770	6.40e-15	70.5
WP_001047906.1	7670	33.898	177	211	4331770	2.04e-13	65.9
WP_000651740.1	7670	46.078	102	301	4331770	9.16e-19	84.3
WP_000651740.1	7670	27.899	276	301	4331770	1.65e-15	74.7
WP_000651740.1	7670	35.000	120	301	4331770	1.89e-11	62.4
WP_000651740.1	7670	26.429	140	301	4331770	2.19e-06	46.6
WP_000651740.1	7670	33.333	99	301	4331770	1.97e-05	43.5
WP_000651740.1	7670	30.612	98	301	4331770	5.14e-04	38.9
WP_000579360.1	7670	36.744	215	204	4331770	1.94e-35	129
WP_002100003.1	7670	38.095	231	254	4331770	2.01e-46	163
WP_002100003.1	7670	23.944	213	254	4331770	1.32e-14	70.9
WP_000723079.1	7670	30.530	321	332	4331770	2.07e-39	145
WP_000723079.1	7670	30.154	325	332	4331770	1.62e-36	137
WP_000723079.1	7670	30.460	348	332	4331770	3.95e-30	118
WP_000723079.1	7670	28.788	330	332	4331770	1.10e-28	114
WP_000723079.1	7670	24.290	317	332	4331770	9.34e-21	90.9
WP_000723079.1	7670	25.776	322	332	4331770	3.05e-20	89.4
WP_000723079.1	7670	22.909	275	332	4331770	4.53e-17	80.1
WP_000723079.1	7670	24.731	279	332	4331770	2.02e-13	68.9
WP_000723079.1	7670	28.358	201	332	4331770	4.28e-13	67.8
WP_000723079.1	7670	29.255	188	332	4331770	2.74e-07	49.7
WP_000723079.1	7670	25.591	254	332	4331770	8.96e-06	45.1
WP_002108504.1	7670	25.610	246	237	4331770	4.83e-15	71.6
WP_002108504.1	7670	25.203	246	237	4331770	1.78e-14	69.7
WP_000567886.1	7670	29.180	305	281	4331770	2.13e-26	106
WP_000567886.1	7670	28.025	314	281	4331770	2.62e-25	103
WP_000567886.1	7670	24.841	314	281	4331770	1.22e-17	80.5
WP_000567886.1	7670	23.397	312	281	4331770	5.85e-16	75.5
WP_000567886.1	7670	24.922	321	281	4331770	1.19e-15	74.3
WP_000567886.1	7670	25.137	183	281	4331770	6.42e-08	51.2
WP_000567886.1	7670	22.321	336	281	4331770	4.08e-07	48.5
WP_000567886.1	7670	22.326	215	281	4331770	3.86e-05	42.4
WP_000567886.1	7670	25.862	174	281	4331770	5.17e-05	42.0
WP_000567886.1	7670	25.000	192	281	4331770	1.47e-04	40.4
WP_000686566.1	7670	69.720	393	399	4331770	0.0	571
WP_000275928.1	7670	72.209	421	421	4331770	0.0	622
WP_000275928.1	7670	40.000	180	421	4331770	1.70e-33	131
WP_000275928.1	7670	33.149	181	421	4331770	1.71e-21	95.1
WP_004279997.1	7670	91.613	310	327	4331770	0.0	605
WP_004279997.1	7670	27.778	252	327	4331770	2.75e-13	68.2
WP_004279997.1	7670	22.936	327	327	4331770	1.67e-11	62.8
WP_004279997.1	7670	22.414	290	327	4331770	1.83e-08	53.5
WP_004279997.1	7670	23.948	309	327	4331770	7.86e-05	42.0
WP_004279997.1	7670	24.847	326	327	4331770	4.54e-04	39.3
WP_004280060.1	7669	36.207	58	280	404857	4.19e-04	39.3
WP_004280426.1	7670	24.710	259	298	4331770	3.76e-16	76.3
WP_004280426.1	7670	30.476	105	298	4331770	6.61e-04	38.5
WP_004280227.1	7670	65.361	332	336	4331770	3.10e-151	468
WP_004280227.1	7670	25.632	277	336	4331770	9.68e-08	51.2
WP_004280227.1	7670	23.500	200	336	4331770	1.63e-04	40.8
WP_036047963.1	7670	58.177	373	375	4331770	1.86e-150	467
WP_004280660.1	7670	80.333	300	301	4331770	3.59e-168	514
WP_100224632.1	7670	76.923	104	269	4331770	1.46e-32	123
WP_100224632.1	7670	44.512	164	269	4331770	1.17e-27	109
WP_117344670.1	7670	81.579	152	364	4331770	2.74e-151	243
WP_117344670.1	7670	86.842	114	364	4331770	2.74e-151	177
WP_117344670.1	7670	80.233	86	364	4331770	2.74e-151	154
WP_117344670.1	7670	83.333	252	364	4331770	1.81e-123	389
WP_117344670.1	7670	76.923	117	364	4331770	3.44e-54	189
WP_117344670.1	7670	76.000	50	364	4331770	1.41e-18	85.1
WP_117344670.1	7670	53.659	82	364	4331770	5.93e-16	77.0
WP_117344670.1	7670	25.833	240	364	4331770	4.04e-15	74.7
WP_117344670.1	7670	83.333	42	364	4331770	3.10e-14	67.0
WP_117344670.1	7670	76.923	13	364	4331770	3.10e-14	26.6
WP_117344670.1	7670	22.822	241	364	4331770	9.73e-14	58.5
WP_117344670.1	7670	34.000	50	364	4331770	9.73e-14	33.5
WP_117344670.1	7670	23.529	306	364	4331770	1.04e-13	70.1
WP_117344670.1	7670	23.529	306	364	4331770	1.10e-13	70.1
WP_117344670.1	7670	23.529	306	364	4331770	1.10e-13	70.1
WP_117344670.1	7670	21.992	241	364	4331770	1.93e-11	49.7
WP_117344670.1	7670	36.000	50	364	4331770	1.93e-11	34.3
WP_117344670.1	7670	24.111	253	364	4331770	2.13e-11	63.2
WP_117344670.1	7670	24.528	212	364	4331770	8.32e-11	61.2
WP_117344670.1	7670	26.036	169	364	4331770	2.91e-10	59.3
WP_117344670.1	7670	23.784	185	364	4331770	8.87e-10	43.9
WP_117344670.1	7670	36.000	50	364	4331770	8.87e-10	34.7
WP_117344670.1	7670	60.526	38	364	4331770	8.94e-10	47.8
WP_117344670.1	7670	76.190	21	364	4331770	8.94e-10	30.8
WP_117344670.1	7670	24.044	183	364	4331770	2.08e-09	42.4
WP_117344670.1	7670	36.000	50	364	4331770	2.08e-09	34.7
WP_117344670.1	7670	24.309	181	364	4331770	2.81e-09	45.1
WP_117344670.1	7670	34.000	50	364	4331770	2.81e-09	31.6
WP_117344670.1	7670	22.703	185	364	4331770	4.15e-08	38.1
WP_117344670.1	7670	36.000	50	364	4331770	4.15e-08	34.7
WP_117344670.1	7670	94.444	18	364	4331770	1.20e-07	41.6
WP_117344670.1	7670	100.000	13	364	4331770	1.20e-07	29.3
WP_020780101.1	7670	25.503	149	342	4331770	2.12e-05	43.9
WP_011669928.1	7670	22.308	130	362	4331770	1.98e-05	43.9
WP_004779589.1	7669	30.833	120	210	404857	8.91e-06	43.1
WP_004779550.1	7670	32.941	85	244	4331770	2.38e-04	39.7
WP_011669942.1	7670	28.571	224	254	4331770	1.32e-20	88.6
WP_011669942.1	7670	28.571	217	254	4331770	6.05e-20	86.7
WP_011669942.1	7670	32.031	128	254	4331770	2.50e-09	55.1
WP_011669961.1	7670	61.224	392	408	4331770	1.87e-164	509
WP_307898047.1	7670	41.538	65	127	4331770	3.22e-07	44.7
WP_307898047.1	7670	36.842	19	127	4331770	3.22e-07	22.3
WP_000361605.1	7670	52.196	592	597	4331770	0.0	590
WP_000361605.1	7670	35.714	378	597	4331770	1.82e-50	186
WP_000361605.1	7670	32.832	399	597	4331770	1.72e-48	180
WP_000361605.1	7670	31.591	421	597	4331770	4.85e-44	167
WP_000361605.1	7670	28.372	215	597	4331770	3.19e-18	86.7
WP_000361605.1	7670	29.555	247	597	4331770	7.30e-15	75.9
WP_000361605.1	7670	31.579	209	597	4331770	1.09e-14	75.1
WP_000361605.1	7670	24.900	249	597	4331770	2.40e-14	74.3
WP_000361605.1	7670	30.568	229	597	4331770	3.10e-14	73.9
WP_000361605.1	7670	28.947	228	597	4331770	3.92e-13	70.1
WP_000361605.1	7670	24.779	226	597	4331770	7.77e-13	69.3
WP_000361605.1	7670	28.980	245	597	4331770	1.66e-12	68.2
WP_000361605.1	7670	31.364	220	597	4331770	1.95e-12	68.2
WP_000361605.1	7670	27.966	236	597	4331770	2.94e-12	67.4
WP_000361605.1	7670	29.091	220	597	4331770	3.40e-12	67.0
WP_000361605.1	7670	27.979	193	597	4331770	2.55e-11	64.3
WP_000361605.1	7670	25.980	204	597	4331770	7.71e-11	62.8
WP_000361605.1	7670	26.977	215	597	4331770	1.06e-10	62.4
WP_000361605.1	7670	24.651	215	597	4331770	1.52e-10	62.0
WP_000361605.1	7670	26.984	252	597	4331770	2.54e-10	61.2
WP_000361605.1	7670	27.451	255	597	4331770	3.01e-10	60.8
WP_000361605.1	7670	26.201	229	597	4331770	3.28e-10	60.8
WP_000361605.1	7670	27.615	239	597	4331770	7.49e-10	59.7
WP_000361605.1	7670	26.244	221	597	4331770	1.96e-08	55.1
WP_000361605.1	7670	24.876	201	597	4331770	8.26e-08	52.8
WP_000361605.1	7670	28.641	206	597	4331770	4.18e-06	47.4
WP_000361605.1	7670	24.891	229	597	4331770	5.97e-06	47.0
WP_000361605.1	7670	28.000	225	597	4331770	6.18e-06	47.0
WP_000361605.1	7670	24.783	230	597	4331770	1.22e-05	45.8
WP_000361605.1	7670	24.719	178	597	4331770	2.06e-05	45.1
WP_000361605.1	7670	23.013	239	597	4331770	5.00e-04	40.4
WP_000699347.1	7670	31.304	345	350	4331770	4.32e-41	151
WP_000699347.1	7670	24.157	356	350	4331770	3.06e-27	110
WP_000699347.1	7670	24.576	354	350	4331770	1.18e-24	103
WP_000699347.1	7670	23.642	313	350	4331770	1.19e-17	82.0
WP_000699347.1	7670	24.437	311	350	4331770	2.07e-15	75.1
WP_000699347.1	7670	24.675	308	350	4331770	5.50e-12	64.7
WP_000699347.1	7670	25.000	256	350	4331770	1.27e-10	60.5
WP_000699347.1	7670	25.882	255	350	4331770	4.97e-09	55.5
WP_000699347.1	7670	25.000	256	350	4331770	9.21e-07	48.1
WP_000699347.1	7670	24.468	188	350	4331770	5.54e-05	42.4
WP_000275582.1	7670	36.957	276	349	4331770	3.50e-40	148
WP_000275582.1	7670	29.217	332	349	4331770	8.14e-29	115
WP_000275582.1	7670	27.566	341	349	4331770	7.53e-20	88.6
WP_000623952.1	7670	35.714	70	247	4331770	2.92e-04	39.3
WP_000208484.1	7670	26.316	266	323	4331770	2.17e-22	95.5
WP_000208484.1	7670	22.642	318	323	4331770	9.97e-13	66.6
WP_000615098.1	7670	25.101	247	340	4331770	3.79e-19	86.3
WP_000615098.1	7670	22.441	254	340	4331770	2.10e-10	59.7
WP_000615098.1	7670	23.116	199	340	4331770	2.86e-10	59.3
WP_000723077.1	7670	31.457	302	332	4331770	1.93e-35	134
WP_000723077.1	7670	29.126	309	332	4331770	2.47e-34	130
WP_000723077.1	7670	28.097	331	332	4331770	4.13e-29	115
WP_000723077.1	7670	29.697	330	332	4331770	5.33e-27	109
WP_000723077.1	7670	27.469	324	332	4331770	7.50e-25	103
WP_000723077.1	7670	25.949	316	332	4331770	1.96e-22	95.9
WP_000723077.1	7670	23.792	269	332	4331770	7.91e-16	76.3
WP_000723077.1	7670	28.625	269	332	4331770	4.24e-12	64.7
WP_000723077.1	7670	21.014	276	332	4331770	1.58e-09	56.6
WP_000723077.1	7670	25.616	203	332	4331770	1.74e-06	47.0
WP_000656817.1	7670	31.776	107	206	4331770	6.34e-09	52.8
WP_000656817.1	7670	25.781	128	206	4331770	1.79e-06	45.4
WP_000656817.1	7670	30.769	117	206	4331770	5.65e-06	43.9
WP_000656817.1	7670	27.350	117	206	4331770	4.33e-05	41.2
WP_000853941.1	7670	37.273	330	334	4331770	5.65e-58	199
WP_000853941.1	7670	36.000	300	334	4331770	7.43e-46	164
WP_000853941.1	7670	30.408	319	334	4331770	1.70e-24	102
WP_000824284.1	7670	26.389	144	386	4331770	7.71e-04	38.9
WP_000432841.1	7670	29.885	261	349	4331770	6.21e-20	89.0
WP_000432841.1	7670	31.250	160	349	4331770	1.24e-09	57.4
WP_000432841.1	7670	25.862	232	349	4331770	1.02e-05	44.7
WP_000432841.1	7670	34.884	86	349	4331770	1.52e-05	44.3
WP_000432841.1	7670	24.074	108	349	4331770	1.85e-05	43.9
WP_000432841.1	7670	29.134	127	349	4331770	4.07e-05	42.7
WP_000125000.1	7670	45.565	248	256	4331770	2.57e-57	194
WP_000125000.1	7670	28.431	204	256	4331770	3.57e-09	54.3
WP_000950837.1	7670	33.645	214	215	4331770	3.27e-33	123
WP_000048849.1	7670	38.529	340	333	4331770	1.80e-66	224
WP_000048849.1	7670	30.469	128	333	4331770	6.63e-10	57.8
WP_000048849.1	7670	25.306	245	333	4331770	5.12e-08	52.0
WP_000048849.1	7670	23.881	134	333	4331770	7.72e-05	42.0
WP_000048849.1	7670	25.417	240	333	4331770	2.74e-04	40.0
WP_061230225.1	7670	28.205	234	363	4331770	4.66e-22	95.5
WP_061230225.1	7670	36.667	60	363	4331770	1.47e-04	41.2
WP_002102578.1	7670	31.210	157	162	4331770	7.70e-11	57.0
WP_002102578.1	7670	31.250	112	162	4331770	2.67e-10	55.5
WP_002102578.1	7670	33.333	123	162	4331770	1.50e-07	47.4
WP_002102578.1	7670	43.182	44	162	4331770	7.67e-07	45.4
WP_002102578.1	7670	27.344	128	162	4331770	1.16e-06	44.7
WP_002102582.1	7670	40.785	331	366	4331770	6.35e-78	258
WP_002102582.1	7670	37.047	359	366	4331770	7.09e-74	246
WP_002102582.1	7670	36.390	349	366	4331770	2.81e-63	216
WP_002102582.1	7670	34.426	366	366	4331770	8.39e-55	191
WP_002102582.1	7670	30.933	375	366	4331770	3.92e-50	178
WP_002102582.1	7670	31.842	380	366	4331770	1.64e-49	176
WP_002102582.1	7670	25.000	344	366	4331770	9.48e-19	85.5
WP_000623348.1	7670	23.219	379	347	4331770	7.77e-16	76.6
WP_000623348.1	7670	21.739	345	347	4331770	5.35e-15	73.9
WP_000623348.1	7670	25.381	394	347	4331770	5.39e-15	73.9
WP_000623348.1	7670	24.047	341	347	4331770	1.32e-10	60.5
WP_002102576.1	7670	33.750	160	257	4331770	2.93e-18	81.6
WP_002102576.1	7670	31.429	175	257	4331770	2.64e-16	75.9
WP_002102576.1	7670	37.662	77	257	4331770	2.19e-09	55.1
WP_002102584.1	7670	30.421	309	311	4331770	5.35e-44	158
WP_002102584.1	7670	32.456	114	311	4331770	3.72e-07	48.9
WP_002102584.1	7670	28.723	94	311	4331770	6.51e-04	38.9
WP_001168408.1	7670	32.551	341	342	4331770	1.70e-48	172
WP_001168408.1	7670	32.353	340	342	4331770	2.80e-35	134
WP_001168408.1	7670	33.231	325	342	4331770	1.30e-34	132
WP_001168408.1	7670	30.499	341	342	4331770	1.10e-28	114
WP_001168408.1	7670	29.779	272	342	4331770	3.46e-21	92.4
WP_001168408.1	7670	28.063	253	342	4331770	8.24e-18	82.4
WP_001168408.1	7670	28.926	242	342	4331770	1.83e-15	75.1
WP_001168408.1	7670	27.801	241	342	4331770	4.78e-10	58.5
WP_001168408.1	7670	23.304	339	342	4331770	3.61e-09	55.8
WP_001168408.1	7670	25.877	228	342	4331770	3.38e-08	52.8
WP_001168408.1	7670	26.977	215	342	4331770	1.17e-05	44.7
WP_001168408.1	7670	34.884	86	342	4331770	1.38e-04	41.2
WP_000701360.1	7670	31.980	394	381	4331770	6.09e-52	184
WP_000701360.1	7670	32.124	386	381	4331770	2.33e-45	164
WP_000701360.1	7670	32.333	300	381	4331770	1.79e-40	150
WP_000701360.1	7670	30.362	359	381	4331770	4.80e-38	143
WP_000701360.1	7670	26.062	353	381	4331770	5.68e-30	119
WP_000701360.1	7670	30.000	240	381	4331770	2.66e-21	93.6
WP_000701360.1	7670	23.448	290	381	4331770	1.15e-13	70.1
WP_000952994.1	7670	44.291	289	291	4331770	1.17e-71	237
WP_000721297.1	7670	40.230	696	696	4331770	2.27e-154	493
WP_000721297.1	7670	28.702	439	696	4331770	1.96e-44	170
WP_000721297.1	7670	32.773	238	696	4331770	1.82e-22	100
WP_000721297.1	7670	27.835	194	696	4331770	6.13e-13	70.1
WP_000721297.1	7670	29.839	248	696	4331770	1.45e-11	65.5
WP_000721297.1	7670	32.773	119	696	4331770	2.04e-09	58.5
WP_000721297.1	7670	24.277	346	696	4331770	7.59e-08	53.5
WP_000721297.1	7670	28.571	105	696	4331770	0.001	40.0
WP_002102767.1	7670	23.695	249	311	4331770	9.63e-20	87.4
WP_002102767.1	7670	29.918	244	311	4331770	2.85e-18	83.2
WP_002102767.1	7670	26.667	240	311	4331770	7.75e-15	72.8
WP_002102767.1	7670	29.747	158	311	4331770	2.24e-11	62.0
WP_002102767.1	7670	24.064	187	311	4331770	1.59e-08	53.5
WP_000155110.1	7670	35.374	294	336	4331770	6.28e-42	153
WP_000155110.1	7670	39.241	237	336	4331770	2.27e-40	148
WP_000155110.1	7670	31.579	247	336	4331770	5.12e-11	61.6
WP_000804582.1	7670	26.768	396	364	4331770	2.89e-31	123
WP_000804582.1	7670	28.691	359	364	4331770	2.13e-30	120
WP_000804582.1	7670	23.256	387	364	4331770	1.91e-14	72.4
WP_000804582.1	7670	22.397	317	364	4331770	3.41e-11	62.4
WP_000804582.1	7670	23.220	323	364	4331770	1.87e-07	50.4
WP_000804582.1	7670	21.552	348	364	4331770	1.48e-06	47.8
WP_000804582.1	7670	22.458	236	364	4331770	4.72e-04	39.7
WP_000037677.1	7670	27.844	334	395	4331770	4.74e-23	99.4
WP_000037677.1	7670	25.746	268	395	4331770	8.25e-09	55.1
WP_000114571.1	7670	29.643	280	314	4331770	4.18e-27	109
WP_001019760.1	7670	28.169	71	179	4331770	5.23e-04	37.4
WP_000703222.1	7670	30.392	102	335	4331770	1.84e-06	47.0
WP_000703222.1	7670	28.319	113	335	4331770	6.74e-05	42.0
WP_000445586.1	7670	29.648	398	416	4331770	6.96e-34	132
WP_000869621.1	7670	22.358	246	259	4331770	5.41e-09	53.9
WP_000869621.1	7670	26.596	94	259	4331770	8.09e-04	38.1
WP_000377752.1	7670	28.659	328	354	4331770	2.09e-27	111
WP_000377752.1	7670	22.099	362	354	4331770	9.09e-12	63.9
WP_000377752.1	7670	26.966	178	354	4331770	4.57e-11	62.0
WP_000377752.1	7670	26.183	317	354	4331770	1.44e-10	60.1
WP_000377752.1	7670	24.716	352	354	4331770	2.00e-10	59.7
WP_002102773.1	7670	32.787	61	149	4331770	1.70e-04	38.1
WP_000697617.1	7670	23.939	330	313	4331770	1.92e-07	50.1
WP_000697617.1	7670	30.380	158	313	4331770	4.92e-07	48.5
WP_000697617.1	7670	25.385	260	313	4331770	1.07e-06	47.8
WP_000697617.1	7670	25.194	258	313	4331770	1.35e-06	47.4
WP_000697617.1	7670	25.984	254	313	4331770	7.24e-06	45.1
WP_000697617.1	7670	22.363	237	313	4331770	3.40e-04	39.7
WP_001005151.1	7670	35.185	216	289	4331770	1.73e-21	92.0
WP_001005151.1	7670	34.634	205	289	4331770	9.14e-17	78.2
WP_001005151.1	7670	26.941	219	289	4331770	1.03e-12	65.9
WP_001005151.1	7670	27.604	192	289	4331770	1.87e-06	46.6
WP_001005151.1	7670	31.967	122	289	4331770	5.08e-05	42.0
WP_192504988.1	7670	48.813	379	390	4331770	7.68e-110	351
WP_192504988.1	7670	26.429	280	390	4331770	1.76e-16	79.0
WP_192504988.1	7670	27.000	100	390	4331770	6.23e-06	45.8
WP_192504988.1	7670	34.783	69	390	4331770	3.47e-04	40.0
WP_192504988.1	7670	32.558	86	390	4331770	8.92e-04	38.9
WP_002102764.1	7670	32.642	193	251	4331770	1.20e-22	94.4
WP_002102764.1	7670	28.431	204	251	4331770	5.25e-17	77.8
WP_002102764.1	7670	28.302	212	251	4331770	2.48e-13	67.0
WP_002102764.1	7670	30.769	117	251	4331770	2.91e-08	51.6
WP_000862006.1	7670	78.008	241	246	4331770	4.85e-129	399
WP_004462893.1	7670	25.349	430	427	4331770	6.49e-20	90.1
WP_004477915.1	7670	29.075	227	587	4331770	1.87e-23	103
WP_004477915.1	7670	26.224	286	587	4331770	7.66e-15	75.9
WP_004477915.1	7670	33.333	66	587	4331770	2.36e-04	41.6
WP_004491540.1	7670	39.252	107	224	4331770	4.46e-14	68.2
WP_004491540.1	7670	25.000	208	224	4331770	6.02e-07	47.0
WP_004491540.1	7670	26.882	93	224	4331770	0.001	37.4
WP_004462889.1	7670	33.125	160	231	4331770	4.47e-11	59.7
WP_004462889.1	7670	41.558	77	231	4331770	1.16e-08	52.4
WP_230486561.1	7670	30.000	80	217	4331770	1.22e-04	40.0
WP_230486561.1	7670	26.190	84	217	4331770	2.50e-04	38.9
WP_004477982.1	7670	27.869	122	302	4331770	6.24e-07	48.1
WP_004462123.1	7670	38.095	84	89	4331770	6.72e-13	59.7
WP_004462124.1	7670	29.255	188	356	4331770	1.72e-11	63.2
WP_004462124.1	7670	26.238	202	356	4331770	6.62e-06	45.4
WP_004462133.1	7670	24.742	194	348	4331770	1.28e-13	69.7
WP_004462133.1	7670	24.873	197	348	4331770	6.95e-09	55.1
WP_004462133.1	7670	38.372	86	348	4331770	2.30e-08	53.1
WP_004462133.1	7670	37.931	87	348	4331770	1.33e-07	50.8
WP_004483359.1	7670	25.203	123	234	4331770	6.23e-08	50.4
WP_016551796.1	7670	56.195	573	589	4331770	0.0	585
WP_016551796.1	7670	25.806	217	589	4331770	9.37e-10	59.3
WP_016551796.1	7670	28.505	214	589	4331770	4.82e-07	50.4
WP_004490599.1	7670	30.000	280	267	4331770	5.92e-21	89.7
WP_004490599.1	7670	29.643	280	267	4331770	7.91e-20	86.7
WP_004490599.1	7670	29.643	280	267	4331770	8.14e-20	86.7
WP_004490599.1	7670	29.643	280	267	4331770	8.14e-20	86.7
WP_004490599.1	7670	29.643	280	267	4331770	8.14e-20	86.7
WP_004490599.1	7670	25.000	284	267	4331770	1.85e-14	70.5
WP_004490599.1	7670	25.000	284	267	4331770	1.85e-14	70.5
WP_004490599.1	7670	25.000	284	267	4331770	1.85e-14	70.5
WP_004490599.1	7670	25.000	284	267	4331770	1.85e-14	70.5
WP_004490599.1	7670	25.000	284	267	4331770	1.85e-14	70.5
WP_004490599.1	7670	25.000	284	267	4331770	1.85e-14	70.5
WP_004490599.1	7670	37.255	51	267	4331770	3.49e-06	45.4
WP_061208754.1	7670	31.953	338	343	4331770	3.30e-41	151
WP_061208754.1	7670	25.959	339	343	4331770	1.39e-26	108
WP_061208754.1	7670	26.857	350	343	4331770	1.99e-26	108
WP_061208754.1	7670	22.985	335	343	4331770	4.81e-15	73.9
WP_061208754.1	7670	23.837	344	343	4331770	3.99e-13	68.2
WP_061208754.1	7670	28.017	232	343	4331770	1.10e-09	57.4
WP_061208754.1	7670	27.362	307	343	4331770	2.95e-09	55.8
WP_061208428.1	7670	34.783	69	238	4331770	8.69e-04	37.7
WP_061208429.1	7670	27.049	122	306	4331770	1.25e-07	50.4
WP_061209098.1	7670	30.503	318	393	4331770	1.57e-27	112
WP_061209098.1	7670	32.342	269	393	4331770	4.30e-26	108
WP_061209098.1	7670	28.060	335	393	4331770	9.60e-19	86.3
WP_061209098.1	7670	25.556	360	393	4331770	1.05e-18	85.9
WP_061209098.1	7670	27.309	249	393	4331770	1.24e-17	82.8
WP_061209098.1	7670	27.341	267	393	4331770	5.09e-15	74.7
WP_061209107.1	7670	28.030	132	233	4331770	8.66e-04	37.7
WP_061209108.1	7670	76.410	390	390	4331770	0.0	621
WP_061209108.1	7670	34.509	397	390	4331770	2.61e-63	217
WP_061209108.1	7670	32.713	376	390	4331770	6.13e-46	166
WP_061209108.1	7670	31.198	359	390	4331770	9.46e-38	142
WP_061209108.1	7670	25.137	366	390	4331770	9.37e-24	101
WP_061209108.1	7670	23.834	386	390	4331770	6.04e-23	99.0
WP_061209108.1	7670	26.344	372	390	4331770	1.15e-18	85.9
WP_257945376.1	7670	71.429	35	45	4331770	2.17e-09	47.8
WP_257945376.1	7670	48.837	43	45	4331770	8.21e-06	37.4
WP_257945376.1	7670	50.000	44	45	4331770	1.61e-05	36.6
WP_061208040.1	7670	35.714	322	338	4331770	7.83e-48	170
WP_061208040.1	7670	35.821	268	338	4331770	8.14e-38	141
WP_061208040.1	7670	26.978	278	338	4331770	1.85e-08	53.5
WP_081101349.1	7670	22.857	350	381	4331770	3.12e-06	46.6
WP_081101349.1	7670	23.950	238	381	4331770	8.88e-06	45.4
WP_061208039.1	7670	25.342	292	403	4331770	1.29e-13	70.5
WP_061208038.1	7670	25.681	257	334	4331770	2.19e-13	68.6
WP_061208038.1	7670	34.906	106	334	4331770	8.18e-09	54.7
WP_061208038.1	7670	23.970	267	334	4331770	2.25e-06	47.0
WP_061208038.1	7670	43.750	48	334	4331770	2.68e-06	46.6
WP_061208036.1	7670	32.959	267	318	4331770	4.26e-34	129
WP_061208034.1	7670	28.485	165	236	4331770	4.93e-12	62.8
WP_061208034.1	7670	29.839	124	236	4331770	3.91e-07	47.8
WP_061208034.1	7670	25.503	149	236	4331770	7.74e-07	47.0
WP_061208033.1	7670	21.642	268	407	4331770	7.42e-07	48.9
WP_061208033.1	7670	26.966	89	407	4331770	2.28e-05	44.3
WP_061208033.1	7670	24.427	131	407	4331770	1.44e-04	41.6
