WP_003009553.1	lcl|NZ_JADDUZ010000002.1_cds_WP_002725873.1_1517	92.473	93	106
WP_003009527.1	lcl|NZ_JADDUZ010000002.1_cds_WP_002733579.1_1516	92.038	314	321
WP_003009527.1	lcl|NZ_JADDUZ010000002.1_cds_WP_002733534.1_1513	26.493	268	321
WP_003009527.1	lcl|NZ_JADDUZ010000018.1_cds_WP_002722638.1_683	22.462	325	321
WP_003009527.1	lcl|NZ_JADDUZ010000002.1_cds_WP_002740024.1_1422	22.776	281	321
WP_003009527.1	lcl|NZ_JADDUZ010000007.1_cds_WP_002728309.1_3090	24.116	311	321
WP_003009527.1	lcl|NZ_JADDUZ010000014.1_cds_WP_002743770.1_380	25.000	104	321
WP_003009527.1	lcl|NZ_JADDUZ010000002.1_cds_WP_016749081.1_1484	27.350	117	321
WP_003009527.1	lcl|NZ_JADDUZ010000002.1_cds_WP_002740721.1_1510	25.076	327	321
WP_003009854.1	lcl|NZ_JADDUZ010000002.1_cds_WP_026054882.1_1515	82.192	365	365
WP_003009869.1	lcl|NZ_JADDUZ010000002.1_cds_WP_002733646.1_1514	90.270	185	185
WP_003009869.1	lcl|NZ_JADDUZ010000004.1_cds_WP_002721790.1_2448	36.429	140	185
WP_003009535.1	lcl|NZ_JADDUZ010000002.1_cds_WP_002733534.1_1513	90.578	329	329
WP_003009535.1	lcl|NZ_JADDUZ010000018.1_cds_WP_002722638.1_683	30.696	316	329
WP_003009535.1	lcl|NZ_JADDUZ010000002.1_cds_WP_002740024.1_1422	29.762	336	329
WP_003009535.1	lcl|NZ_JADDUZ010000007.1_cds_WP_002728309.1_3090	30.449	312	329
WP_003009535.1	lcl|NZ_JADDUZ010000014.1_cds_WP_002743770.1_380	27.711	332	329
WP_003009535.1	lcl|NZ_JADDUZ010000002.1_cds_WP_002733638.1_1476	29.462	353	329
WP_003009535.1	lcl|NZ_JADDUZ010000074.1_cds_WP_002741146.1_3073	30.128	312	329
WP_003009535.1	lcl|NZ_JADDUZ010000007.1_cds_WP_002728316.1_3093	28.399	331	329
WP_003009535.1	lcl|NZ_JADDUZ010000002.1_cds_WP_002733546.1_1447	24.254	268	329
WP_003009535.1	lcl|NZ_JADDUZ010000002.1_cds_WP_002740721.1_1510	28.431	306	329
WP_003009535.1	lcl|NZ_JADDUZ010000008.1_cds_WP_002732331.1_3294	26.393	341	329
WP_003009535.1	lcl|NZ_JADDUZ010000002.1_cds_WP_002733579.1_1516	25.079	315	329
WP_003009535.1	lcl|NZ_JADDUZ010000002.1_cds_WP_016749081.1_1484	24.224	322	329
WP_003009535.1	lcl|NZ_JADDUZ010000002.1_cds_WP_002744551.1_1482	28.889	270	329
WP_003009535.1	lcl|NZ_JADDUZ010000002.1_cds_WP_002733698.1_1439	27.174	276	329
WP_003009535.1	lcl|NZ_JADDUZ010000057.1_cds_WP_002740236.1_2602	27.737	274	329
WP_003009535.1	lcl|NZ_JADDUZ010000005.1_cds_WP_002721725.1_2756	24.242	330	329
WP_003009535.1	lcl|NZ_JADDUZ010000005.1_cds_WP_002739935.1_2668	27.869	244	329
WP_003009535.1	lcl|NZ_JADDUZ010000002.1_cds_WP_002733757.1_1449	30.994	171	329
WP_003009795.1	lcl|NZ_JADDUZ010000002.1_cds_WP_002733627.1_1512	80.899	267	267
WP_003009795.1	lcl|NZ_JADDUZ010000002.1_cds_WP_002740926.1_1471	26.068	234	267
WP_003009795.1	lcl|NZ_JADDUZ010000002.1_cds_WP_002738295.1_1450	25.714	245	267
WP_003009795.1	lcl|NZ_JADDUZ010000002.1_cds_WP_002727921.1_1421	26.455	189	267
WP_003009795.1	lcl|NZ_JADDUZ010000024.1_cds_WP_002729040.1_1171	35.955	89	267
WP_003009795.1	lcl|NZ_JADDUZ010000003.1_cds_WP_002766579.1_2013	25.269	186	267
WP_003009795.1	lcl|NZ_JADDUZ010000014.1_cds_WP_002729513.1_379	23.420	269	267
WP_003009515.1	lcl|NZ_JADDUZ010000002.1_cds_WP_002740779.1_1511	87.795	508	509
WP_003009515.1	lcl|NZ_JADDUZ010000006.1_cds_WP_002728536.1_2985	27.273	297	509
WP_003009515.1	lcl|NZ_JADDUZ010000006.1_cds_WP_002728534.1_2984	28.302	106	509
WP_003009515.1	lcl|NZ_JADDUZ010000002.1_cds_WP_002740779.1_1511	87.795	508	509
WP_003009515.1	lcl|NZ_JADDUZ010000006.1_cds_WP_002728536.1_2985	27.273	297	509
WP_003009515.1	lcl|NZ_JADDUZ010000006.1_cds_WP_002728534.1_2984	28.302	106	509
WP_003009505.1	lcl|NZ_JADDUZ010000002.1_cds_WP_002740721.1_1510	91.768	328	330
WP_003009505.1	lcl|NZ_JADDUZ010000007.1_cds_WP_002728309.1_3090	26.812	276	330
WP_003009505.1	lcl|NZ_JADDUZ010000002.1_cds_WP_002733534.1_1513	28.197	305	330
WP_003009505.1	lcl|NZ_JADDUZ010000002.1_cds_WP_016749081.1_1484	29.864	221	330
WP_003009505.1	lcl|NZ_JADDUZ010000018.1_cds_WP_002722638.1_683	27.575	301	330
WP_003009505.1	lcl|NZ_JADDUZ010000002.1_cds_WP_002740024.1_1422	25.316	316	330
WP_003009505.1	lcl|NZ_JADDUZ010000008.1_cds_WP_002732331.1_3294	25.792	221	330
WP_003009505.1	lcl|NZ_JADDUZ010000074.1_cds_WP_002741146.1_3073	28.146	302	330
WP_003009505.1	lcl|NZ_JADDUZ010000005.1_cds_WP_002721725.1_2756	24.380	242	330
WP_003009505.1	lcl|NZ_JADDUZ010000002.1_cds_WP_002733638.1_1476	24.306	288	330
WP_003009505.1	lcl|NZ_JADDUZ010000002.1_cds_WP_002733546.1_1447	26.977	215	330
WP_003009505.1	lcl|NZ_JADDUZ010000014.1_cds_WP_002743770.1_380	24.540	163	330
WP_003009505.1	lcl|NZ_JADDUZ010000002.1_cds_WP_002733579.1_1516	23.077	325	330
WP_003009505.1	lcl|NZ_JADDUZ010000036.1_cds_WP_002739707.1_1805	26.562	128	330
WP_003009505.1	lcl|NZ_JADDUZ010000007.1_cds_WP_002728316.1_3093	30.464	151	330
WP_003009505.1	lcl|NZ_JADDUZ010000057.1_cds_WP_002740236.1_2602	25.311	241	330
WP_003009505.1	lcl|NZ_JADDUZ010000005.1_cds_WP_002739935.1_2668	25.676	296	330
WP_003009804.1	lcl|NZ_JADDUZ010000002.1_cds_WP_002740729.1_1507	37.774	548	538
WP_003009804.1	lcl|NZ_JADDUZ010000002.1_cds_WP_002740729.1_1507	37.774	548	538
WP_003009317.1	lcl|NZ_JADDUZ010000002.1_cds_WP_002740998.1_1506	67.170	265	265
WP_003009317.1	lcl|NZ_JADDUZ010000003.1_cds_WP_002742191.1_2044	41.564	243	265
WP_003009459.1	lcl|NZ_JADDUZ010000002.1_cds_WP_032853071.1_1505	86.452	310	310
WP_003009459.1	lcl|NZ_JADDUZ010000034.1_cds_WP_002741402.1_1711	38.284	303	310
WP_003009459.1	lcl|NZ_JADDUZ010000020.1_cds_WP_002727287.1_932	29.787	282	310
WP_003009459.1	lcl|NZ_JADDUZ010000004.1_cds_WP_002727177.1_2398	28.571	133	310
WP_003009459.1	lcl|NZ_JADDUZ010000002.1_cds_WP_032853071.1_1505	86.452	310	310
WP_003009459.1	lcl|NZ_JADDUZ010000034.1_cds_WP_002741402.1_1711	38.284	303	310
WP_003009459.1	lcl|NZ_JADDUZ010000020.1_cds_WP_002727287.1_932	29.787	282	310
WP_003009459.1	lcl|NZ_JADDUZ010000004.1_cds_WP_002727177.1_2398	28.571	133	310
WP_003009745.1	lcl|NZ_JADDUZ010000002.1_cds_WP_002740848.1_1504	89.773	264	264
WP_036096976.1	lcl|NZ_JADDUZ010000002.1_cds_WP_032853450.1_1503	81.538	130	130
WP_003009905.1	lcl|NZ_JADDUZ010000002.1_cds_WP_004777167.1_1502	80.556	144	145
WP_003009905.1	lcl|NZ_JADDUZ010000007.1_cds_WP_002738870.1_3101	28.947	76	145
WP_003009905.1	lcl|NZ_JADDUZ010000003.1_cds_WP_002734015.1_2030	42.222	45	145
WP_003009905.1	lcl|NZ_JADDUZ010000020.1_cds_WP_026054147.1_923	41.071	56	145
WP_036096974.1	lcl|NZ_JADDUZ010000002.1_cds_WP_002740917.1_1501	90.498	221	221
WP_036096974.1	lcl|NZ_JADDUZ010000038.1_cds_WP_002727076.1_1865	28.037	107	221
WP_036096974.1	lcl|NZ_JADDUZ010000018.1_cds_WP_011671435.1_654	23.077	78	221
WP_003009428.1	lcl|NZ_JADDUZ010000053.1_cds_IP993_RS15195_2531	37.342	158	664
WP_003009428.1	lcl|NZ_JADDUZ010000026.1_cds_WP_002722057.1_1268	25.758	264	664
WP_003009848.1	lcl|NZ_JADDUZ010000002.1_cds_WP_002740977.1_1489	24.377	361	393
WP_003009848.1	lcl|NZ_JADDUZ010000002.1_cds_WP_002740041.1_1465	24.498	249	393
WP_003009848.1	lcl|NZ_JADDUZ010000066.1_cds_WP_016749152.1_2867	23.144	229	393
WP_003009848.1	lcl|NZ_JADDUZ010000038.1_cds_WP_002740458.1_1866	25.980	204	393
WP_003009848.1	lcl|NZ_JADDUZ010000002.1_cds_WP_230456811.1_1498	26.974	152	393
WP_003009848.1	lcl|NZ_JADDUZ010000002.1_cds_IP993_RS01020_1457	27.778	90	393
WP_003009953.1	lcl|NZ_JADDUZ010000018.1_cds_WP_002727846.1_648	29.577	142	177
WP_003009592.1	lcl|NZ_JADDUZ010000002.1_cds_WP_002740977.1_1489	34.314	408	407
WP_003009592.1	lcl|NZ_JADDUZ010000066.1_cds_WP_016749152.1_2867	25.000	220	407
WP_003009592.1	lcl|NZ_JADDUZ010000038.1_cds_WP_002740458.1_1866	25.180	139	407
WP_036096972.1	lcl|NZ_JADDUZ010000002.1_cds_WP_002733582.1_1453	28.017	232	241
WP_036096972.1	lcl|NZ_JADDUZ010000007.1_cds_WP_002735533.1_3125	28.571	252	241
WP_036096972.1	lcl|NZ_JADDUZ010000022.1_cds_WP_002739054.1_1083	26.180	233	241
WP_036096972.1	lcl|NZ_JADDUZ010000020.1_cds_WP_002728745.1_926	25.000	260	241
WP_036096972.1	lcl|NZ_JADDUZ010000009.1_cds_WP_002722691.1_3335	24.803	254	241
WP_036096972.1	lcl|NZ_JADDUZ010000051.1_cds_WP_002722237.1_2494	25.874	143	241
WP_036096972.1	lcl|NZ_JADDUZ010000028.1_cds_WP_002727447.1_1335	23.000	200	241
WP_036096972.1	lcl|NZ_JADDUZ010000048.1_cds_WP_002739544.1_2278	19.905	211	241
WP_036096970.1	lcl|NZ_JADDUZ010000002.1_cds_WP_002740695.1_1493	73.641	368	371
WP_230458349.1	lcl|NZ_JADDUZ010000002.1_cds_WP_002740804.1_1492	70.560	411	418
WP_003009503.1	lcl|NZ_JADDUZ010000002.1_cds_WP_002740724.1_1491	78.646	576	598
WP_003009503.1	lcl|NZ_JADDUZ010000002.1_cds_IP993_RS01135_1480	47.505	461	598
WP_003009503.1	lcl|NZ_JADDUZ010000002.1_cds_IP993_RS01135_1480	32.759	116	598
WP_003009503.1	lcl|NZ_JADDUZ010000065.1_cds_WP_002742222.1_2857	34.375	384	598
WP_003009503.1	lcl|NZ_JADDUZ010000001.1_cds_WP_002723347.1_905	44.828	232	598
WP_003009503.1	lcl|NZ_JADDUZ010000029.1_cds_WP_002741286.1_1379	44.635	233	598
WP_003009503.1	lcl|NZ_JADDUZ010000005.1_cds_WP_002730493.1_2725	30.769	234	598
WP_003009503.1	lcl|NZ_JADDUZ010000009.1_cds_WP_002739451.1_3377	32.189	233	598
WP_003009503.1	lcl|NZ_JADDUZ010000006.1_cds_WP_032854486.1_2995	32.189	233	598
WP_003009503.1	lcl|NZ_JADDUZ010000003.1_cds_WP_002734207.1_1971	31.602	231	598
WP_003009503.1	lcl|NZ_JADDUZ010000010.1_cds_WP_002726143.1_41	31.364	220	598
WP_003009503.1	lcl|NZ_JADDUZ010000009.1_cds_WP_002725984.1_3345	28.636	220	598
WP_003009503.1	lcl|NZ_JADDUZ010000004.1_cds_WP_002721914.1_2417	28.017	232	598
WP_003009503.1	lcl|NZ_JADDUZ010000004.1_cds_WP_002721827.1_2449	27.642	246	598
WP_003009503.1	lcl|NZ_JADDUZ010000006.1_cds_WP_002728388.1_2979	27.053	207	598
WP_003009503.1	lcl|NZ_JADDUZ010000027.1_cds_WP_002729296.1_1290	28.509	228	598
WP_003009503.1	lcl|NZ_JADDUZ010000011.1_cds_WP_002752475.1_154	27.197	239	598
WP_003009503.1	lcl|NZ_JADDUZ010000052.1_cds_WP_002738485.1_2521	30.732	205	598
WP_003009503.1	lcl|NZ_JADDUZ010000005.1_cds_WP_002724285.1_2707	26.009	223	598
WP_003009503.1	lcl|NZ_JADDUZ010000005.1_cds_WP_002724740.1_2686	27.897	233	598
WP_003009503.1	lcl|NZ_JADDUZ010000014.1_cds_WP_002723659.1_420	24.664	223	598
WP_003009503.1	lcl|NZ_JADDUZ010000011.1_cds_WP_002729758.1_145	29.545	220	598
WP_003009503.1	lcl|NZ_JADDUZ010000011.1_cds_WP_002729133.1_162	26.761	213	598
WP_003009503.1	lcl|NZ_JADDUZ010000049.1_cds_WP_002739367.1_2311	22.581	217	598
WP_003009503.1	lcl|NZ_JADDUZ010000014.1_cds_WP_032853264.1_411	26.020	196	598
WP_003009503.1	lcl|NZ_JADDUZ010000014.1_cds_WP_032853264.1_411	26.144	153	598
WP_003009503.1	lcl|NZ_JADDUZ010000001.1_cds_WP_002735056.1_820	26.866	201	598
WP_003009503.1	lcl|NZ_JADDUZ010000005.1_cds_WP_002724311.1_2706	27.434	226	598
WP_003009503.1	lcl|NZ_JADDUZ010000025.1_cds_WP_002733837.1_1227	26.316	247	598
WP_003009503.1	lcl|NZ_JADDUZ010000059.1_cds_WP_002741133.1_2640	29.771	131	598
WP_003009503.1	lcl|NZ_JADDUZ010000017.1_cds_WP_002733736.1_600	22.778	180	598
WP_003009503.1	lcl|NZ_JADDUZ010000002.1_cds_WP_002740724.1_1491	78.646	576	598
WP_003009503.1	lcl|NZ_JADDUZ010000002.1_cds_IP993_RS01135_1480	47.505	461	598
WP_003009503.1	lcl|NZ_JADDUZ010000002.1_cds_IP993_RS01135_1480	32.759	116	598
WP_003009503.1	lcl|NZ_JADDUZ010000065.1_cds_WP_002742222.1_2857	34.375	384	598
WP_003009503.1	lcl|NZ_JADDUZ010000001.1_cds_WP_002723347.1_905	44.828	232	598
WP_003009503.1	lcl|NZ_JADDUZ010000029.1_cds_WP_002741286.1_1379	44.635	233	598
WP_003009503.1	lcl|NZ_JADDUZ010000005.1_cds_WP_002730493.1_2725	30.769	234	598
WP_003009503.1	lcl|NZ_JADDUZ010000009.1_cds_WP_002739451.1_3377	32.189	233	598
WP_003009503.1	lcl|NZ_JADDUZ010000006.1_cds_WP_032854486.1_2995	32.189	233	598
WP_003009503.1	lcl|NZ_JADDUZ010000003.1_cds_WP_002734207.1_1971	31.602	231	598
WP_003009503.1	lcl|NZ_JADDUZ010000010.1_cds_WP_002726143.1_41	31.364	220	598
WP_003009503.1	lcl|NZ_JADDUZ010000009.1_cds_WP_002725984.1_3345	28.636	220	598
WP_003009503.1	lcl|NZ_JADDUZ010000004.1_cds_WP_002721914.1_2417	28.017	232	598
WP_003009503.1	lcl|NZ_JADDUZ010000004.1_cds_WP_002721827.1_2449	27.642	246	598
WP_003009503.1	lcl|NZ_JADDUZ010000006.1_cds_WP_002728388.1_2979	27.053	207	598
WP_003009503.1	lcl|NZ_JADDUZ010000027.1_cds_WP_002729296.1_1290	28.509	228	598
WP_003009503.1	lcl|NZ_JADDUZ010000011.1_cds_WP_002752475.1_154	27.197	239	598
WP_003009503.1	lcl|NZ_JADDUZ010000052.1_cds_WP_002738485.1_2521	30.732	205	598
WP_003009503.1	lcl|NZ_JADDUZ010000005.1_cds_WP_002724285.1_2707	26.009	223	598
WP_003009503.1	lcl|NZ_JADDUZ010000005.1_cds_WP_002724740.1_2686	27.897	233	598
WP_003009503.1	lcl|NZ_JADDUZ010000014.1_cds_WP_002723659.1_420	24.664	223	598
WP_003009503.1	lcl|NZ_JADDUZ010000011.1_cds_WP_002729758.1_145	29.545	220	598
WP_003009503.1	lcl|NZ_JADDUZ010000011.1_cds_WP_002729133.1_162	26.761	213	598
WP_003009503.1	lcl|NZ_JADDUZ010000049.1_cds_WP_002739367.1_2311	22.581	217	598
WP_003009503.1	lcl|NZ_JADDUZ010000014.1_cds_WP_032853264.1_411	26.020	196	598
WP_003009503.1	lcl|NZ_JADDUZ010000014.1_cds_WP_032853264.1_411	26.144	153	598
WP_003009503.1	lcl|NZ_JADDUZ010000001.1_cds_WP_002735056.1_820	26.866	201	598
WP_003009503.1	lcl|NZ_JADDUZ010000005.1_cds_WP_002724311.1_2706	27.434	226	598
WP_003009503.1	lcl|NZ_JADDUZ010000025.1_cds_WP_002733837.1_1227	26.316	247	598
WP_003009503.1	lcl|NZ_JADDUZ010000059.1_cds_WP_002741133.1_2640	29.771	131	598
WP_003009503.1	lcl|NZ_JADDUZ010000017.1_cds_WP_002733736.1_600	22.778	180	598
WP_003009356.1	lcl|NZ_JADDUZ010000002.1_cds_WP_078313319.1_1490	68.901	373	372
WP_003009636.1	lcl|NZ_JADDUZ010000002.1_cds_WP_002740977.1_1489	89.461	408	410
WP_003009636.1	lcl|NZ_JADDUZ010000038.1_cds_WP_002740458.1_1866	21.348	178	410
WP_003009401.1	lcl|NZ_JADDUZ010000002.1_cds_WP_002733737.1_1488	84.211	361	365
WP_003009401.1	lcl|NZ_JADDUZ010000002.1_cds_WP_002740294.1_1428	37.637	364	365
WP_003009401.1	lcl|NZ_JADDUZ010000002.1_cds_WP_002740861.1_1508	38.227	361	365
WP_003009401.1	lcl|NZ_JADDUZ010000007.1_cds_WP_002738884.1_3138	35.493	355	365
WP_003009401.1	lcl|NZ_JADDUZ010000002.1_cds_WP_002740826.1_1509	32.312	359	365
WP_003009401.1	lcl|NZ_JADDUZ010000024.1_cds_WP_002728994.1_1177	29.815	379	365
WP_003009401.1	lcl|NZ_JADDUZ010000002.1_cds_WP_002733599.1_1475	28.061	392	365
WP_003009401.1	lcl|NZ_JADDUZ010000008.1_cds_WP_002724641.1_3293	24.540	326	365
WP_003009790.1	lcl|NZ_JADDUZ010000002.1_cds_WP_002740875.1_1487	79.842	253	254
WP_003009729.1	lcl|NZ_JADDUZ010000002.1_cds_WP_002733611.1_1486	86.364	176	176
WP_003009729.1	lcl|NZ_JADDUZ010000002.1_cds_WP_002727916.1_1424	41.667	180	176
WP_003009939.1	lcl|NZ_JADDUZ010000002.1_cds_WP_002740938.1_1485	70.261	306	307
WP_003009665.1	lcl|NZ_JADDUZ010000002.1_cds_WP_016749081.1_1484	72.990	311	317
WP_003009665.1	lcl|NZ_JADDUZ010000074.1_cds_WP_002741146.1_3073	27.976	336	317
WP_003009665.1	lcl|NZ_JADDUZ010000002.1_cds_WP_002733534.1_1513	24.919	309	317
WP_003009665.1	lcl|NZ_JADDUZ010000018.1_cds_WP_002722638.1_683	26.250	320	317
WP_003009665.1	lcl|NZ_JADDUZ010000002.1_cds_WP_002740721.1_1510	27.155	232	317
WP_003009665.1	lcl|NZ_JADDUZ010000002.1_cds_WP_002740024.1_1422	23.313	326	317
WP_003009665.1	lcl|NZ_JADDUZ010000002.1_cds_WP_002733572.1_1438	24.060	266	317
WP_003009665.1	lcl|NZ_JADDUZ010000007.1_cds_WP_002728309.1_3090	22.671	322	317
WP_003009665.1	lcl|NZ_JADDUZ010000014.1_cds_WP_002743770.1_380	25.263	190	317
WP_036096962.1	lcl|NZ_JADDUZ010000002.1_cds_WP_002738232.1_1483	79.104	134	134
WP_036096962.1	lcl|NZ_JADDUZ010000002.1_cds_WP_002727923.1_1429	33.621	116	134
WP_003009398.1	lcl|NZ_JADDUZ010000002.1_cds_WP_002744551.1_1482	84.516	310	310
WP_003009398.1	lcl|NZ_JADDUZ010000002.1_cds_WP_002740721.1_1510	28.254	315	310
WP_003009398.1	lcl|NZ_JADDUZ010000002.1_cds_WP_002733534.1_1513	30.403	273	310
WP_003009398.1	lcl|NZ_JADDUZ010000002.1_cds_WP_002740024.1_1422	25.591	254	310
WP_003009398.1	lcl|NZ_JADDUZ010000007.1_cds_WP_002728309.1_3090	29.255	188	310
WP_003009398.1	lcl|NZ_JADDUZ010000018.1_cds_WP_002722638.1_683	21.069	318	310
WP_003009398.1	lcl|NZ_JADDUZ010000057.1_cds_WP_002740236.1_2602	23.129	294	310
WP_003009398.1	lcl|NZ_JADDUZ010000036.1_cds_WP_002739707.1_1805	24.034	233	310
WP_003009398.1	lcl|NZ_JADDUZ010000008.1_cds_WP_002732331.1_3294	27.647	170	310
WP_036097006.1	lcl|NZ_JADDUZ010000002.1_cds_WP_002733672.1_1479	85.778	225	227
WP_036097006.1	lcl|NZ_JADDUZ010000002.1_cds_WP_002740808.1_1467	39.381	226	227
WP_036097006.1	lcl|NZ_JADDUZ010000013.1_cds_WP_002723863.1_331	33.333	105	227
WP_036097006.1	lcl|NZ_JADDUZ010000002.1_cds_WP_002733600.1_1455	32.203	59	227
WP_003009573.1	lcl|NZ_JADDUZ010000002.1_cds_WP_002733534.1_1513	31.111	315	330
WP_003009573.1	lcl|NZ_JADDUZ010000002.1_cds_IP993_RS01125_1478	82.258	62	330
WP_003009573.1	lcl|NZ_JADDUZ010000074.1_cds_WP_002741146.1_3073	28.754	313	330
WP_003009573.1	lcl|NZ_JADDUZ010000018.1_cds_WP_002722638.1_683	29.721	323	330
WP_003009573.1	lcl|NZ_JADDUZ010000002.1_cds_WP_002740024.1_1422	29.878	328	330
WP_003009573.1	lcl|NZ_JADDUZ010000007.1_cds_WP_002728309.1_3090	28.616	318	330
WP_003009573.1	lcl|NZ_JADDUZ010000002.1_cds_WP_002733638.1_1476	24.490	343	330
WP_003009573.1	lcl|NZ_JADDUZ010000014.1_cds_WP_002743770.1_380	27.139	339	330
WP_003009573.1	lcl|NZ_JADDUZ010000007.1_cds_WP_002728316.1_3093	24.684	316	330
WP_003009573.1	lcl|NZ_JADDUZ010000002.1_cds_WP_002740721.1_1510	27.407	270	330
WP_003009573.1	lcl|NZ_JADDUZ010000002.1_cds_WP_002733757.1_1449	30.686	277	330
WP_003009573.1	lcl|NZ_JADDUZ010000002.1_cds_WP_002733698.1_1439	26.244	221	330
WP_003009573.1	lcl|NZ_JADDUZ010000002.1_cds_WP_016749081.1_1484	24.290	317	330
WP_003009573.1	lcl|NZ_JADDUZ010000002.1_cds_WP_002733579.1_1516	22.318	233	330
WP_003009573.1	lcl|NZ_JADDUZ010000002.1_cds_WP_002733546.1_1447	22.414	290	330
WP_003009573.1	lcl|NZ_JADDUZ010000005.1_cds_WP_002739935.1_2668	27.273	231	330
WP_003009573.1	lcl|NZ_JADDUZ010000002.1_cds_WP_002744551.1_1482	27.586	174	330
WP_003009573.1	lcl|NZ_JADDUZ010000005.1_cds_WP_002721725.1_2756	28.042	189	330
WP_003009662.1	lcl|NZ_JADDUZ010000002.1_cds_WP_002733599.1_1475	39.295	369	387
WP_003009662.1	lcl|NZ_JADDUZ010000024.1_cds_WP_002728994.1_1177	33.904	292	387
WP_003009662.1	lcl|NZ_JADDUZ010000002.1_cds_WP_002740294.1_1428	29.796	245	387
WP_003009662.1	lcl|NZ_JADDUZ010000002.1_cds_WP_002740826.1_1509	27.273	352	387
WP_003009662.1	lcl|NZ_JADDUZ010000002.1_cds_WP_002740861.1_1508	27.463	335	387
WP_003009662.1	lcl|NZ_JADDUZ010000002.1_cds_WP_002733737.1_1488	25.850	294	387
WP_003009662.1	lcl|NZ_JADDUZ010000007.1_cds_WP_002738884.1_3138	29.070	258	387
WP_003009662.1	lcl|NZ_JADDUZ010000008.1_cds_WP_002724641.1_3293	24.648	284	387
WP_003009589.1	lcl|NZ_JADDUZ010000002.1_cds_WP_002733696.1_1474	71.359	206	206
WP_003009589.1	lcl|NZ_JADDUZ010000017.1_cds_WP_002725699.1_605	29.487	78	206
WP_003009589.1	lcl|NZ_JADDUZ010000008.1_cds_WP_002741197.1_3269	27.835	97	206
WP_003009812.1	lcl|NZ_JADDUZ010000002.1_cds_WP_002740722.1_1473	71.471	333	333
WP_003009812.1	lcl|NZ_JADDUZ010000002.1_cds_WP_002740726.1_1469	37.037	324	333
WP_003009812.1	lcl|NZ_JADDUZ010000025.1_cds_WP_002730849.1_1197	37.676	284	333
WP_003009812.1	lcl|NZ_JADDUZ010000002.1_cds_WP_002740722.1_1473	71.471	333	333
WP_003009812.1	lcl|NZ_JADDUZ010000002.1_cds_WP_002740726.1_1469	37.037	324	333
WP_003009812.1	lcl|NZ_JADDUZ010000025.1_cds_WP_002730849.1_1197	37.676	284	333
WP_003009776.1	lcl|NZ_JADDUZ010000002.1_cds_WP_032853440.1_1472	78.961	385	387
WP_003009776.1	lcl|NZ_JADDUZ010000002.1_cds_WP_002721301.1_1437	23.990	396	387
WP_003009576.1	lcl|NZ_JADDUZ010000002.1_cds_WP_002740926.1_1471	82.336	351	351
WP_003009576.1	lcl|NZ_JADDUZ010000002.1_cds_WP_002733627.1_1512	30.000	180	351
WP_003009576.1	lcl|NZ_JADDUZ010000002.1_cds_WP_002727921.1_1421	29.130	230	351
WP_003009576.1	lcl|NZ_JADDUZ010000002.1_cds_WP_002738295.1_1450	23.600	250	351
WP_003009576.1	lcl|NZ_JADDUZ010000024.1_cds_WP_002729040.1_1171	38.710	62	351
WP_003009576.1	lcl|NZ_JADDUZ010000002.1_cds_WP_002740726.1_1469	24.528	106	351
WP_003009576.1	lcl|NZ_JADDUZ010000014.1_cds_WP_002729513.1_379	23.077	234	351
WP_003009576.1	lcl|NZ_JADDUZ010000018.1_cds_WP_002732576.1_688	31.148	122	351
WP_003009576.1	lcl|NZ_JADDUZ010000002.1_cds_WP_002740926.1_1471	82.336	351	351
WP_003009576.1	lcl|NZ_JADDUZ010000002.1_cds_WP_002733627.1_1512	30.000	180	351
WP_003009576.1	lcl|NZ_JADDUZ010000002.1_cds_WP_002727921.1_1421	29.130	230	351
WP_003009576.1	lcl|NZ_JADDUZ010000002.1_cds_WP_002738295.1_1450	23.600	250	351
WP_003009576.1	lcl|NZ_JADDUZ010000024.1_cds_WP_002729040.1_1171	38.710	62	351
WP_003009576.1	lcl|NZ_JADDUZ010000002.1_cds_WP_002740726.1_1469	24.528	106	351
WP_003009576.1	lcl|NZ_JADDUZ010000014.1_cds_WP_002729513.1_379	23.077	234	351
WP_003009576.1	lcl|NZ_JADDUZ010000018.1_cds_WP_002732576.1_688	31.148	122	351
WP_036097005.1	lcl|NZ_JADDUZ010000002.1_cds_WP_002741071.1_1470	71.990	382	382
WP_003009456.1	lcl|NZ_JADDUZ010000002.1_cds_WP_002740726.1_1469	87.118	753	753
WP_003009456.1	lcl|NZ_JADDUZ010000002.1_cds_WP_002740722.1_1473	36.637	333	753
WP_003009456.1	lcl|NZ_JADDUZ010000025.1_cds_WP_002730849.1_1197	34.859	284	753
WP_003009456.1	lcl|NZ_JADDUZ010000002.1_cds_WP_002740926.1_1471	26.230	122	753
WP_003009456.1	lcl|NZ_JADDUZ010000002.1_cds_WP_002740726.1_1469	87.118	753	753
WP_003009456.1	lcl|NZ_JADDUZ010000002.1_cds_WP_002740722.1_1473	36.637	333	753
WP_003009456.1	lcl|NZ_JADDUZ010000025.1_cds_WP_002730849.1_1197	34.859	284	753
WP_003009456.1	lcl|NZ_JADDUZ010000002.1_cds_WP_002740926.1_1471	26.230	122	753
WP_003009456.1	lcl|NZ_JADDUZ010000002.1_cds_WP_002740726.1_1469	87.118	753	753
WP_003009456.1	lcl|NZ_JADDUZ010000002.1_cds_WP_002740722.1_1473	36.637	333	753
WP_003009456.1	lcl|NZ_JADDUZ010000025.1_cds_WP_002730849.1_1197	34.859	284	753
WP_003009456.1	lcl|NZ_JADDUZ010000002.1_cds_WP_002740926.1_1471	26.230	122	753
WP_003009456.1	lcl|NZ_JADDUZ010000002.1_cds_WP_002740726.1_1469	87.118	753	753
WP_003009456.1	lcl|NZ_JADDUZ010000002.1_cds_WP_002740722.1_1473	36.637	333	753
WP_003009456.1	lcl|NZ_JADDUZ010000025.1_cds_WP_002730849.1_1197	34.859	284	753
WP_003009456.1	lcl|NZ_JADDUZ010000002.1_cds_WP_002740926.1_1471	26.230	122	753
WP_036096948.1	lcl|NZ_JADDUZ010000002.1_cds_WP_002740826.1_1509	28.011	357	395
WP_036096948.1	lcl|NZ_JADDUZ010000002.1_cds_WP_002733737.1_1488	26.667	375	395
WP_036096948.1	lcl|NZ_JADDUZ010000024.1_cds_WP_002728994.1_1177	27.296	392	395
WP_036096948.1	lcl|NZ_JADDUZ010000002.1_cds_WP_002740294.1_1428	32.000	250	395
WP_036096948.1	lcl|NZ_JADDUZ010000002.1_cds_WP_002740861.1_1508	24.084	382	395
WP_036096948.1	lcl|NZ_JADDUZ010000007.1_cds_WP_002738884.1_3138	27.915	283	395
WP_036096948.1	lcl|NZ_JADDUZ010000008.1_cds_WP_002724641.1_3293	26.766	269	395
WP_003009323.1	lcl|NZ_JADDUZ010000002.1_cds_WP_002733672.1_1479	34.703	219	210
WP_003009323.1	lcl|NZ_JADDUZ010000002.1_cds_WP_002740808.1_1467	35.185	216	210
WP_003009323.1	lcl|NZ_JADDUZ010000013.1_cds_WP_002723863.1_331	28.916	83	210
WP_003009323.1	lcl|NZ_JADDUZ010000002.1_cds_WP_002733600.1_1455	29.688	64	210
WP_003009722.1	lcl|NZ_JADDUZ010000020.1_cds_WP_002733100.1_920	24.664	223	356
WP_196221670.1	lcl|NZ_JADDUZ010000002.1_cds_WP_002740041.1_1465	55.970	268	279
WP_196221670.1	lcl|NZ_JADDUZ010000002.1_cds_WP_230456811.1_1498	38.384	99	279
WP_196221670.1	lcl|NZ_JADDUZ010000038.1_cds_WP_002740458.1_1866	25.234	214	279
WP_196221670.1	lcl|NZ_JADDUZ010000003.1_cds_WP_032853239.1_2004	25.676	148	279
WP_196221670.1	lcl|NZ_JADDUZ010000018.1_cds_WP_011671435.1_654	29.341	167	279
WP_196221670.1	lcl|NZ_JADDUZ010000066.1_cds_WP_016749152.1_2867	26.277	137	279
WP_196221670.1	lcl|NZ_JADDUZ010000002.1_cds_IP993_RS01020_1457	23.810	84	279
WP_003009473.1	lcl|NZ_JADDUZ010000075.1_cds_WP_004278354.1_3077	27.484	644	603
WP_003009529.1	lcl|NZ_JADDUZ010000002.1_cds_WP_002740902.1_1496	29.756	205	243
WP_003009529.1	lcl|NZ_JADDUZ010000002.1_cds_WP_002740862.1_1468	33.005	203	243
WP_003009523.1	lcl|NZ_JADDUZ010000002.1_cds_WP_002740242.1_1464	23.549	603	589
WP_003009380.1	lcl|NZ_JADDUZ010000002.1_cds_WP_002733668.1_1462	69.130	230	230
WP_003009686.1	lcl|NZ_JADDUZ010000002.1_cds_WP_002738251.1_1461	81.579	228	250
WP_003009450.1	lcl|NZ_JADDUZ010000002.1_cds_WP_002733568.1_1460	81.250	352	362
WP_003009450.1	lcl|NZ_JADDUZ010000041.1_cds_WP_002739285.1_2079	29.565	230	362
WP_003009450.1	lcl|NZ_JADDUZ010000010.1_cds_WP_002734397.1_37	29.730	185	362
WP_003009450.1	lcl|NZ_JADDUZ010000036.1_cds_WP_002739502.1_1788	23.182	220	362
WP_003009450.1	lcl|NZ_JADDUZ010000027.1_cds_WP_002741672.1_1328	23.932	234	362
WP_003009450.1	lcl|NZ_JADDUZ010000001.1_cds_WP_002723437.1_856	25.157	159	362
WP_003009450.1	lcl|NZ_JADDUZ010000011.1_cds_WP_002736061.1_103	31.522	92	362
WP_003009450.1	lcl|NZ_JADDUZ010000019.1_cds_WP_002728131.1_733	40.476	42	362
WP_003009883.1	lcl|NZ_JADDUZ010000002.1_cds_WP_002740235.1_1459	84.367	371	372
WP_003009883.1	lcl|NZ_JADDUZ010000002.1_cds_WP_002733544.1_1454	25.948	343	372
WP_003009883.1	lcl|NZ_JADDUZ010000046.1_cds_WP_002740796.1_2230	24.299	214	372
WP_003009883.1	lcl|NZ_JADDUZ010000002.1_cds_WP_002740235.1_1459	84.367	371	372
WP_003009883.1	lcl|NZ_JADDUZ010000002.1_cds_WP_002733544.1_1454	25.948	343	372
WP_003009883.1	lcl|NZ_JADDUZ010000046.1_cds_WP_002740796.1_2230	24.299	214	372
WP_003009621.1	lcl|NZ_JADDUZ010000002.1_cds_IP993_RS01020_1457	88.350	103	323
WP_003009621.1	lcl|NZ_JADDUZ010000002.1_cds_IP993_RS01020_1457	75.000	40	323
WP_003009621.1	lcl|NZ_JADDUZ010000002.1_cds_WP_002733603.1_1458	75.362	69	323
WP_003009621.1	lcl|NZ_JADDUZ010000018.1_cds_WP_011671435.1_654	25.424	236	323
WP_003009621.1	lcl|NZ_JADDUZ010000038.1_cds_WP_002740458.1_1866	27.559	254	323
WP_003009621.1	lcl|NZ_JADDUZ010000066.1_cds_WP_016749152.1_2867	23.843	281	323
WP_003009621.1	lcl|NZ_JADDUZ010000002.1_cds_WP_230456811.1_1498	31.126	151	323
WP_003009621.1	lcl|NZ_JADDUZ010000002.1_cds_WP_002740041.1_1465	26.190	210	323
WP_003009621.1	lcl|NZ_JADDUZ010000003.1_cds_WP_032853239.1_2004	24.242	165	323
WP_003009621.1	lcl|NZ_JADDUZ010000024.1_cds_WP_002740361.1_1163	28.571	119	323
WP_003009949.1	lcl|NZ_JADDUZ010000002.1_cds_WP_002733722.1_1456	63.428	566	565
WP_003009735.1	lcl|NZ_JADDUZ010000002.1_cds_WP_002733600.1_1455	85.882	255	255
WP_003009735.1	lcl|NZ_JADDUZ010000013.1_cds_WP_002723863.1_331	27.381	252	255
WP_003009735.1	lcl|NZ_JADDUZ010000002.1_cds_WP_002740808.1_1467	24.348	115	255
WP_003009735.1	lcl|NZ_JADDUZ010000002.1_cds_WP_002733672.1_1479	24.841	157	255
WP_036096938.1	lcl|NZ_JADDUZ010000002.1_cds_WP_002733544.1_1454	85.507	345	347
WP_036096938.1	lcl|NZ_JADDUZ010000002.1_cds_WP_002740235.1_1459	26.923	234	347
WP_036096938.1	lcl|NZ_JADDUZ010000002.1_cds_WP_002733544.1_1454	85.507	345	347
WP_036096938.1	lcl|NZ_JADDUZ010000002.1_cds_WP_002740235.1_1459	26.923	234	347
WP_003009650.1	lcl|NZ_JADDUZ010000002.1_cds_WP_002733582.1_1453	81.893	243	243
WP_003009650.1	lcl|NZ_JADDUZ010000009.1_cds_WP_002722691.1_3335	34.400	250	243
WP_003009650.1	lcl|NZ_JADDUZ010000022.1_cds_WP_002739054.1_1083	34.322	236	243
WP_003009650.1	lcl|NZ_JADDUZ010000007.1_cds_WP_002735533.1_3125	32.271	251	243
WP_003009650.1	lcl|NZ_JADDUZ010000020.1_cds_WP_002728745.1_926	28.016	257	243
WP_003009650.1	lcl|NZ_JADDUZ010000057.1_cds_WP_002728460.1_2604	25.490	255	243
WP_003009650.1	lcl|NZ_JADDUZ010000051.1_cds_WP_002722237.1_2494	28.514	249	243
WP_003009650.1	lcl|NZ_JADDUZ010000051.1_cds_WP_002722184.1_2489	24.091	220	243
WP_003009650.1	lcl|NZ_JADDUZ010000008.1_cds_WP_032853349.1_3257	26.368	201	243
WP_003009650.1	lcl|NZ_JADDUZ010000029.1_cds_WP_002741131.1_1411	25.824	182	243
WP_003009650.1	lcl|NZ_JADDUZ010000011.1_cds_WP_002743803.1_156	23.894	226	243
WP_003009650.1	lcl|NZ_JADDUZ010000012.1_cds_WP_002728891.1_214	21.875	192	243
WP_003009650.1	lcl|NZ_JADDUZ010000012.1_cds_WP_032853204.1_219	22.120	217	243
WP_003009650.1	lcl|NZ_JADDUZ010000048.1_cds_WP_002739544.1_2278	20.642	218	243
WP_003009650.1	lcl|NZ_JADDUZ010000028.1_cds_WP_002727447.1_1335	22.523	222	243
WP_003009344.1	lcl|NZ_JADDUZ010000002.1_cds_WP_002733685.1_1452	76.685	356	357
WP_003009344.1	lcl|NZ_JADDUZ010000020.1_cds_WP_002728762.1_922	31.564	358	357
WP_003009756.1	lcl|NZ_JADDUZ010000002.1_cds_WP_002733651.1_1451	81.155	329	330
WP_003009756.1	lcl|NZ_JADDUZ010000006.1_cds_WP_002722821.1_3028	29.412	272	330
WP_003009756.1	lcl|NZ_JADDUZ010000002.1_cds_WP_002733651.1_1451	81.155	329	330
WP_003009756.1	lcl|NZ_JADDUZ010000006.1_cds_WP_002722821.1_3028	29.412	272	330
WP_003009633.1	lcl|NZ_JADDUZ010000002.1_cds_WP_002738295.1_1450	91.732	254	255
WP_003009633.1	lcl|NZ_JADDUZ010000002.1_cds_WP_002740926.1_1471	24.400	250	255
WP_003009633.1	lcl|NZ_JADDUZ010000002.1_cds_WP_002733627.1_1512	26.699	206	255
WP_003009633.1	lcl|NZ_JADDUZ010000003.1_cds_WP_002766579.1_2013	24.757	206	255
WP_003009712.1	lcl|NZ_JADDUZ010000002.1_cds_WP_002733757.1_1449	82.825	361	363
WP_003009712.1	lcl|NZ_JADDUZ010000074.1_cds_WP_002741146.1_3073	30.526	190	363
WP_003009712.1	lcl|NZ_JADDUZ010000002.1_cds_WP_002740024.1_1422	22.156	334	363
WP_003009712.1	lcl|NZ_JADDUZ010000007.1_cds_WP_002728316.1_3093	31.532	111	363
WP_003009712.1	lcl|NZ_JADDUZ010000002.1_cds_WP_002733698.1_1439	27.473	273	363
WP_003009712.1	lcl|NZ_JADDUZ010000018.1_cds_WP_002722638.1_683	26.761	213	363
WP_003009712.1	lcl|NZ_JADDUZ010000014.1_cds_WP_002743770.1_380	28.800	125	363
WP_003009712.1	lcl|NZ_JADDUZ010000002.1_cds_WP_002733534.1_1513	32.727	110	363
WP_003009712.1	lcl|NZ_JADDUZ010000005.1_cds_WP_002739935.1_2668	25.967	181	363
WP_003009712.1	lcl|NZ_JADDUZ010000002.1_cds_WP_016749081.1_1484	28.846	104	363
WP_036096998.1	lcl|NZ_JADDUZ010000002.1_cds_WP_002733619.1_1448	72.483	149	151
WP_003009407.1	lcl|NZ_JADDUZ010000002.1_cds_WP_002733546.1_1447	71.203	316	317
WP_003009407.1	lcl|NZ_JADDUZ010000002.1_cds_WP_002733534.1_1513	23.556	225	317
WP_003009407.1	lcl|NZ_JADDUZ010000002.1_cds_WP_002740721.1_1510	24.272	206	317
WP_003009407.1	lcl|NZ_JADDUZ010000018.1_cds_WP_002722638.1_683	24.171	211	317
WP_003009310.1	lcl|NZ_JADDUZ010000002.1_cds_WP_002733661.1_1446	72.148	298	301
WP_003009310.1	lcl|NZ_JADDUZ010000002.1_cds_WP_002742128.1_1426	30.225	311	301
WP_003009310.1	lcl|NZ_JADDUZ010000031.1_cds_WP_032856387.1_1624	27.619	210	301
WP_003009310.1	lcl|NZ_JADDUZ010000002.1_cds_WP_002742120.1_1425	33.600	125	301
WP_003009310.1	lcl|NZ_JADDUZ010000002.1_cds_WP_002727913.1_1427	25.714	210	301
WP_003009310.1	lcl|NZ_JADDUZ010000002.1_cds_WP_002741093.1_1481	26.786	112	301
WP_003009310.1	lcl|NZ_JADDUZ010000013.1_cds_WP_002723163.1_306	30.172	116	301
WP_003009677.1	lcl|NZ_JADDUZ010000002.1_cds_WP_002740249.1_1445	81.949	277	277
WP_003009677.1	lcl|NZ_JADDUZ010000021.1_cds_WP_002731433.1_1006	34.146	82	277
WP_003009880.1	lcl|NZ_JADDUZ010000002.1_cds_WP_002733584.1_1444	77.465	284	286
WP_003009880.1	lcl|NZ_JADDUZ010000047.1_cds_WP_002739725.1_2247	26.562	192	286
WP_036096935.1	lcl|NZ_JADDUZ010000002.1_cds_WP_002740141.1_1443	73.324	701	701
WP_036096935.1	lcl|NZ_JADDUZ010000002.1_cds_WP_002740141.1_1443	73.324	701	701
WP_036096935.1	lcl|NZ_JADDUZ010000002.1_cds_WP_002740141.1_1443	73.324	701	701
WP_003009580.1	lcl|NZ_JADDUZ010000002.1_cds_WP_002740300.1_1442	68.041	679	678
WP_003009943.1	lcl|NZ_JADDUZ010000002.1_cds_WP_002740116.1_1441	67.581	401	429
WP_003009765.1	lcl|NZ_JADDUZ010000002.1_cds_WP_002733553.1_1440	51.596	376	382
WP_003009765.1	lcl|NZ_JADDUZ010000005.1_cds_WP_032854471.1_2735	36.792	106	382
WP_003009765.1	lcl|NZ_JADDUZ010000015.1_cds_WP_002727358.1_460	23.874	222	382
WP_003009765.1	lcl|NZ_JADDUZ010000021.1_cds_WP_002721072.1_1016	24.038	312	382
WP_003009765.1	lcl|NZ_JADDUZ010000074.1_cds_WP_002741123.1_3071	27.059	85	382
WP_003009765.1	lcl|NZ_JADDUZ010000074.1_cds_WP_002724488.1_3070	40.000	55	382
WP_003009508.1	lcl|NZ_JADDUZ010000002.1_cds_WP_002733698.1_1439	90.435	345	345
WP_003009508.1	lcl|NZ_JADDUZ010000036.1_cds_WP_002739707.1_1805	37.037	270	345
WP_003009508.1	lcl|NZ_JADDUZ010000002.1_cds_WP_002733534.1_1513	23.950	238	345
WP_003009508.1	lcl|NZ_JADDUZ010000002.1_cds_WP_002740024.1_1422	26.984	252	345
WP_003009508.1	lcl|NZ_JADDUZ010000002.1_cds_WP_002733757.1_1449	25.778	225	345
WP_003009508.1	lcl|NZ_JADDUZ010000018.1_cds_WP_002722638.1_683	21.154	260	345
WP_003009923.1	lcl|NZ_JADDUZ010000002.1_cds_WP_002733572.1_1438	81.793	368	368
WP_003009923.1	lcl|NZ_JADDUZ010000002.1_cds_WP_016749081.1_1484	27.523	218	368
WP_003009923.1	lcl|NZ_JADDUZ010000018.1_cds_WP_002722638.1_683	21.053	247	368
WP_003009923.1	lcl|NZ_JADDUZ010000002.1_cds_WP_002733572.1_1438	81.793	368	368
WP_003009923.1	lcl|NZ_JADDUZ010000002.1_cds_WP_016749081.1_1484	27.523	218	368
WP_003009923.1	lcl|NZ_JADDUZ010000018.1_cds_WP_002722638.1_683	21.053	247	368
WP_003009353.1	lcl|NZ_JADDUZ010000002.1_cds_WP_002721301.1_1437	90.160	376	376
WP_003009353.1	lcl|NZ_JADDUZ010000002.1_cds_WP_032853440.1_1472	25.854	205	376
WP_003009782.1	lcl|NZ_JADDUZ010000002.1_cds_WP_002721297.1_1436	80.506	395	395
WP_003009336.1	lcl|NZ_JADDUZ010000002.1_cds_WP_002733636.1_1435	87.407	405	421
WP_003009336.1	lcl|NZ_JADDUZ010000034.1_cds_WP_002733844.1_1727	36.400	250	421
WP_003009336.1	lcl|NZ_JADDUZ010000001.1_cds_WP_002734943.1_811	34.066	182	421
WP_003009476.1	lcl|NZ_JADDUZ010000002.1_cds_WP_002733711.1_1434	63.747	411	416
WP_003009808.1	lcl|NZ_JADDUZ010000002.1_cds_WP_002740298.1_1433	86.682	443	446
WP_003009413.1	lcl|NZ_JADDUZ010000002.1_cds_WP_002733577.1_1432	76.412	301	301
WP_003009872.1	lcl|NZ_JADDUZ010000002.1_cds_WP_050547976.1_1431	72.161	273	296
WP_003009375.1	lcl|NZ_JADDUZ010000002.1_cds_WP_002723123.1_1430	75.831	331	342
WP_036096931.1	lcl|NZ_JADDUZ010000002.1_cds_WP_002727923.1_1429	78.322	143	143
WP_036096931.1	lcl|NZ_JADDUZ010000002.1_cds_WP_002738232.1_1483	27.731	119	143
WP_003009532.1	lcl|NZ_JADDUZ010000002.1_cds_WP_002740294.1_1428	82.094	363	361
WP_003009532.1	lcl|NZ_JADDUZ010000002.1_cds_WP_002733737.1_1488	38.227	361	361
WP_003009532.1	lcl|NZ_JADDUZ010000002.1_cds_WP_002740861.1_1508	34.000	350	361
WP_003009532.1	lcl|NZ_JADDUZ010000002.1_cds_WP_002740826.1_1509	33.239	352	361
WP_003009532.1	lcl|NZ_JADDUZ010000007.1_cds_WP_002738884.1_3138	28.490	351	361
WP_003009532.1	lcl|NZ_JADDUZ010000024.1_cds_WP_002728994.1_1177	26.882	372	361
WP_003009532.1	lcl|NZ_JADDUZ010000002.1_cds_WP_002733599.1_1475	29.719	249	361
WP_003009532.1	lcl|NZ_JADDUZ010000008.1_cds_WP_002724641.1_3293	19.308	347	361
WP_003009932.1	lcl|NZ_JADDUZ010000002.1_cds_WP_002727913.1_1427	76.863	255	261
WP_003009932.1	lcl|NZ_JADDUZ010000002.1_cds_WP_002742128.1_1426	27.083	192	261
WP_003009932.1	lcl|NZ_JADDUZ010000031.1_cds_WP_032856387.1_1624	26.263	198	261
WP_003009471.1	lcl|NZ_JADDUZ010000002.1_cds_WP_002742128.1_1426	76.226	265	279
WP_003009471.1	lcl|NZ_JADDUZ010000002.1_cds_WP_002742120.1_1425	28.505	214	279
WP_003009471.1	lcl|NZ_JADDUZ010000002.1_cds_WP_002733661.1_1446	29.098	244	279
WP_003009471.1	lcl|NZ_JADDUZ010000031.1_cds_WP_032856387.1_1624	28.846	260	279
WP_003009471.1	lcl|NZ_JADDUZ010000013.1_cds_WP_002723163.1_306	45.833	48	279
WP_003009471.1	lcl|NZ_JADDUZ010000002.1_cds_WP_002741093.1_1481	24.370	119	279
WP_036096929.1	lcl|NZ_JADDUZ010000002.1_cds_WP_002742120.1_1425	72.014	586	585
WP_036096929.1	lcl|NZ_JADDUZ010000002.1_cds_WP_002742128.1_1426	27.230	213	585
WP_036096929.1	lcl|NZ_JADDUZ010000002.1_cds_WP_002733661.1_1446	28.505	214	585
WP_036096929.1	lcl|NZ_JADDUZ010000031.1_cds_WP_032856387.1_1624	25.118	211	585
WP_036096929.1	lcl|NZ_JADDUZ010000002.1_cds_WP_002727913.1_1427	25.431	232	585
WP_036096929.1	lcl|NZ_JADDUZ010000002.1_cds_WP_002741093.1_1481	23.438	256	585
WP_036096929.1	lcl|NZ_JADDUZ010000002.1_cds_WP_002742120.1_1425	72.014	586	585
WP_036096929.1	lcl|NZ_JADDUZ010000002.1_cds_WP_002742128.1_1426	27.230	213	585
WP_036096929.1	lcl|NZ_JADDUZ010000002.1_cds_WP_002733661.1_1446	28.505	214	585
WP_036096929.1	lcl|NZ_JADDUZ010000031.1_cds_WP_032856387.1_1624	25.118	211	585
WP_036096929.1	lcl|NZ_JADDUZ010000002.1_cds_WP_002727913.1_1427	25.431	232	585
WP_036096929.1	lcl|NZ_JADDUZ010000002.1_cds_WP_002741093.1_1481	23.438	256	585
WP_003009748.1	lcl|NZ_JADDUZ010000002.1_cds_WP_002727916.1_1424	82.796	186	186
WP_003009748.1	lcl|NZ_JADDUZ010000002.1_cds_WP_002733611.1_1486	40.556	180	186
WP_003009327.1	lcl|NZ_JADDUZ010000002.1_cds_WP_002740063.1_1423	79.739	306	306
WP_003009724.1	lcl|NZ_JADDUZ010000002.1_cds_WP_002740024.1_1422	91.369	336	349
WP_003009724.1	lcl|NZ_JADDUZ010000002.1_cds_WP_002733534.1_1513	29.552	335	349
WP_003009724.1	lcl|NZ_JADDUZ010000074.1_cds_WP_002741146.1_3073	28.190	337	349
WP_003009724.1	lcl|NZ_JADDUZ010000014.1_cds_WP_002743770.1_380	27.557	352	349
WP_003009724.1	lcl|NZ_JADDUZ010000018.1_cds_WP_002722638.1_683	26.506	332	349
WP_003009724.1	lcl|NZ_JADDUZ010000007.1_cds_WP_002728316.1_3093	25.664	339	349
WP_003009724.1	lcl|NZ_JADDUZ010000002.1_cds_WP_002740721.1_1510	26.426	333	349
WP_003009724.1	lcl|NZ_JADDUZ010000002.1_cds_WP_002733698.1_1439	28.685	251	349
WP_003009724.1	lcl|NZ_JADDUZ010000036.1_cds_WP_002739707.1_1805	31.034	145	349
WP_003009724.1	lcl|NZ_JADDUZ010000007.1_cds_WP_002728309.1_3090	23.167	341	349
WP_003009724.1	lcl|NZ_JADDUZ010000002.1_cds_WP_002733638.1_1476	22.899	345	349
WP_003009724.1	lcl|NZ_JADDUZ010000002.1_cds_WP_002733757.1_1449	25.989	177	349
WP_003009724.1	lcl|NZ_JADDUZ010000002.1_cds_WP_016749081.1_1484	21.429	322	349
WP_003009724.1	lcl|NZ_JADDUZ010000002.1_cds_WP_002744551.1_1482	22.291	323	349
WP_003009724.1	lcl|NZ_JADDUZ010000002.1_cds_WP_002733579.1_1516	22.695	282	349
WP_003009724.1	lcl|NZ_JADDUZ010000002.1_cds_WP_002733546.1_1447	22.656	256	349
WP_003009724.1	lcl|NZ_JADDUZ010000005.1_cds_WP_002739935.1_2668	25.532	141	349
WP_003009449.1	lcl|NZ_JADDUZ010000002.1_cds_WP_002727921.1_1421	87.755	294	294
WP_003009449.1	lcl|NZ_JADDUZ010000002.1_cds_WP_002733627.1_1512	26.455	189	294
WP_003009449.1	lcl|NZ_JADDUZ010000002.1_cds_WP_002740926.1_1471	29.730	185	294
WP_003009449.1	lcl|NZ_JADDUZ010000014.1_cds_WP_002729513.1_379	26.829	205	294
WP_003009876.1	lcl|NZ_JADDUZ010000002.1_cds_WP_002727925.1_1420	75.309	324	322
WP_003009876.1	lcl|NZ_JADDUZ010000002.1_cds_WP_002727927.1_1418	25.275	182	322
WP_003009876.1	lcl|NZ_JADDUZ010000002.1_cds_WP_002733661.1_1446	30.682	88	322
WP_003009525.1	lcl|NZ_JADDUZ010000002.1_cds_WP_002733618.1_1419	70.874	309	311
WP_003009886.1	lcl|NZ_JADDUZ010000002.1_cds_WP_002727927.1_1418	74.113	282	279
WP_003009886.1	lcl|NZ_JADDUZ010000002.1_cds_WP_002727925.1_1420	27.320	194	279
WP_036096920.1	lcl|NZ_JADDUZ010000002.1_cds_IP993_RS00820_1417	82.906	234	471
WP_036096920.1	lcl|NZ_JADDUZ010000002.1_cds_IP993_RS00820_1417	38.095	63	471
WP_036096920.1	lcl|NZ_JADDUZ010000017.1_cds_IP993_RS08810_641	82.075	212	471
